[debug] [2026-02-07T23:55:04.561Z] ----------------------------------------------------------------------
[debug] [2026-02-07T23:55:04.563Z] Command:       /opt/homebrew/Cellar/node/25.6.0/bin/node /opt/homebrew/bin/firebase deploy --only functions
[debug] [2026-02-07T23:55:04.563Z] CLI Version:   15.5.1
[debug] [2026-02-07T23:55:04.563Z] Platform:      darwin
[debug] [2026-02-07T23:55:04.563Z] Node Version:  v25.6.0
[debug] [2026-02-07T23:55:04.563Z] Time:          Sat Feb 07 2026 15:55:04 GMT-0800 (Pacific Standard Time)
[debug] [2026-02-07T23:55:04.563Z] ----------------------------------------------------------------------
[debug] 
[debug] [2026-02-07T23:55:04.564Z] >>> [apiv2][query] GET https://firebase-public.firebaseio.com/cli.json [none]
[debug] [2026-02-07T23:55:05.292Z] > command requires scopes: ["email","openid","https://www.googleapis.com/auth/cloudplatformprojects.readonly","https://www.googleapis.com/auth/firebase","https://www.googleapis.com/auth/cloud-platform"]
[debug] [2026-02-07T23:55:05.292Z] > authorizing via signed-in user (2004tim2004@gmail.com)
[debug] [2026-02-07T23:55:05.292Z] [iam] checking project nextgenpicks-fb759 for permissions ["cloudfunctions.functions.create","cloudfunctions.functions.delete","cloudfunctions.functions.get","cloudfunctions.functions.list","cloudfunctions.functions.update","cloudfunctions.operations.get","firebase.projects.get"]
[debug] [2026-02-07T23:55:05.292Z] Checked if tokens are valid: false, expires at: 1770503992518
[debug] [2026-02-07T23:55:05.292Z] Checked if tokens are valid: false, expires at: 1770503992518
[debug] [2026-02-07T23:55:05.292Z] > refreshing access token with scopes: []
[debug] [2026-02-07T23:55:05.293Z] >>> [apiv2][query] POST https://www.googleapis.com/oauth2/v3/token [none]
[debug] [2026-02-07T23:55:05.293Z] >>> [apiv2][body] POST https://www.googleapis.com/oauth2/v3/token [omitted]
[debug] [2026-02-07T23:55:05.379Z] <<< [apiv2][status] POST https://www.googleapis.com/oauth2/v3/token 200
[debug] [2026-02-07T23:55:05.379Z] <<< [apiv2][body] POST https://www.googleapis.com/oauth2/v3/token [omitted]
[debug] [2026-02-07T23:55:05.389Z] >>> [apiv2][query] POST https://cloudresourcemanager.googleapis.com/v1/projects/nextgenpicks-fb759:testIamPermissions [none]
[debug] [2026-02-07T23:55:05.389Z] >>> [apiv2][(partial)header] POST https://cloudresourcemanager.googleapis.com/v1/projects/nextgenpicks-fb759:testIamPermissions  x-goog-user-project=nextgenpicks-fb759
[debug] [2026-02-07T23:55:05.390Z] >>> [apiv2][body] POST https://cloudresourcemanager.googleapis.com/v1/projects/nextgenpicks-fb759:testIamPermissions {"permissions":["cloudfunctions.functions.create","cloudfunctions.functions.delete","cloudfunctions.functions.get","cloudfunctions.functions.list","cloudfunctions.functions.update","cloudfunctions.operations.get","firebase.projects.get"]}
[debug] [2026-02-07T23:55:05.412Z] <<< [apiv2][status] GET https://firebase-public.firebaseio.com/cli.json 200
[debug] [2026-02-07T23:55:05.412Z] <<< [apiv2][body] GET https://firebase-public.firebaseio.com/cli.json {"cloudBuildErrorAfter":1594252800000,"cloudBuildWarnAfter":1590019200000,"defaultNode10After":1594252800000,"minVersion":"3.0.5","node8DeploysDisabledAfter":1613390400000,"node8RuntimeDisabledAfter":1615809600000,"node8WarnAfter":1600128000000}
[debug] [2026-02-07T23:55:05.621Z] <<< [apiv2][status] POST https://cloudresourcemanager.googleapis.com/v1/projects/nextgenpicks-fb759:testIamPermissions 200
[debug] [2026-02-07T23:55:05.621Z] <<< [apiv2][body] POST https://cloudresourcemanager.googleapis.com/v1/projects/nextgenpicks-fb759:testIamPermissions {"permissions":["cloudfunctions.functions.create","cloudfunctions.functions.delete","cloudfunctions.functions.get","cloudfunctions.functions.list","cloudfunctions.functions.update","cloudfunctions.operations.get","firebase.projects.get"]}
[debug] [2026-02-07T23:55:05.622Z] Checked if tokens are valid: true, expires at: 1770512104379
[debug] [2026-02-07T23:55:05.622Z] Checked if tokens are valid: true, expires at: 1770512104379
[debug] [2026-02-07T23:55:05.622Z] >>> [apiv2][query] POST https://iam.googleapis.com/v1/projects/nextgenpicks-fb759/serviceAccounts/nextgenpicks-fb759@appspot.gserviceaccount.com:testIamPermissions [none]
[debug] [2026-02-07T23:55:05.622Z] >>> [apiv2][body] POST https://iam.googleapis.com/v1/projects/nextgenpicks-fb759/serviceAccounts/nextgenpicks-fb759@appspot.gserviceaccount.com:testIamPermissions {"permissions":["iam.serviceAccounts.actAs"]}
[debug] [2026-02-07T23:55:05.938Z] <<< [apiv2][status] POST https://iam.googleapis.com/v1/projects/nextgenpicks-fb759/serviceAccounts/nextgenpicks-fb759@appspot.gserviceaccount.com:testIamPermissions 200
[debug] [2026-02-07T23:55:05.938Z] <<< [apiv2][body] POST https://iam.googleapis.com/v1/projects/nextgenpicks-fb759/serviceAccounts/nextgenpicks-fb759@appspot.gserviceaccount.com:testIamPermissions {"permissions":["iam.serviceAccounts.actAs"]}
[info] 
[info] === Deploying to 'nextgenpicks-fb759'...
[info] 
[info] i  deploying functions 
[debug] [2026-02-07T23:55:05.940Z] Checked if tokens are valid: true, expires at: 1770512104379
[debug] [2026-02-07T23:55:05.940Z] Checked if tokens are valid: true, expires at: 1770512104379
[debug] [2026-02-07T23:55:05.940Z] >>> [apiv2][query] GET https://cloudresourcemanager.googleapis.com/v1/projects/nextgenpicks-fb759 [none]
[debug] [2026-02-07T23:55:06.042Z] <<< [apiv2][status] GET https://cloudresourcemanager.googleapis.com/v1/projects/nextgenpicks-fb759 200
[debug] [2026-02-07T23:55:06.043Z] <<< [apiv2][body] GET https://cloudresourcemanager.googleapis.com/v1/projects/nextgenpicks-fb759 {"projectNumber":"293498367052","projectId":"nextgenpicks-fb759","lifecycleState":"ACTIVE","name":"NextGenPicks","labels":{"firebase":"enabled","firebase-core":"disabled"},"createTime":"2026-01-28T09:23:09.934278Z"}
[info] i  functions: preparing codebase default for deployment 
[info] i  functions: ensuring required API cloudfunctions.googleapis.com is enabled... 
[info] i  functions: ensuring required API cloudbuild.googleapis.com is enabled... 
[info] i  artifactregistry: ensuring required API artifactregistry.googleapis.com is enabled... 
[debug] [2026-02-07T23:55:06.044Z] Checked if tokens are valid: true, expires at: 1770512104379
[debug] [2026-02-07T23:55:06.044Z] Checked if tokens are valid: true, expires at: 1770512104379
[debug] [2026-02-07T23:55:06.044Z] >>> [apiv2][query] GET https://firebase.googleapis.com/v1beta1/projects/nextgenpicks-fb759/adminSdkConfig [none]
[debug] [2026-02-07T23:55:06.233Z] <<< [apiv2][status] GET https://firebase.googleapis.com/v1beta1/projects/nextgenpicks-fb759/adminSdkConfig 200
[debug] [2026-02-07T23:55:06.233Z] <<< [apiv2][body] GET https://firebase.googleapis.com/v1beta1/projects/nextgenpicks-fb759/adminSdkConfig {"projectId":"nextgenpicks-fb759","storageBucket":"nextgenpicks-fb759.firebasestorage.app"}
[debug] [2026-02-07T23:55:06.235Z] Customer code is not Node
[debug] [2026-02-07T23:55:06.236Z] Validating python source
[debug] [2026-02-07T23:55:06.236Z] Building python source
[info] i  functions: Loading and analyzing source code for codebase default to determine what to deploy 
[debug] [2026-02-07T23:55:06.237Z] Could not find functions.yaml. Must use http discovery
[debug] [2026-02-07T23:55:06.251Z] Running command with virtualenv: command=., args=["\"/Users/maczki/Desktop/NextGenPicks/NextGenPicks/functions/venv/bin/activate\"","&&","python3.13","-c","\"import firebase_functions; import os; print(os.path.dirname(firebase_functions.__file__))\""]
[debug] [2026-02-07T23:55:06.354Z] stdout: /Users/maczki/Desktop/NextGenPicks/NextGenPicks/functions/venv/lib/python3.13/site-packages/firebase_functions

[debug] [2026-02-07T23:55:06.358Z] Running admin server with args: ["python3.13","\"/Users/maczki/Desktop/NextGenPicks/NextGenPicks/functions/venv/lib/python3.13/site-packages/firebase_functions/private/serving.py\""] and env: {"FIREBASE_CONFIG":"{\"projectId\":\"nextgenpicks-fb759\",\"storageBucket\":\"nextgenpicks-fb759.firebasestorage.app\"}","GCLOUD_PROJECT":"nextgenpicks-fb759","GOOGLE_CLOUD_QUOTA_PROJECT":"nextgenpicks-fb759","ADMIN_PORT":"8081"} in /Users/maczki/Desktop/NextGenPicks/NextGenPicks/functions
[debug] [2026-02-07T23:55:06.359Z] Running command with virtualenv: command=., args=["\"/Users/maczki/Desktop/NextGenPicks/NextGenPicks/functions/venv/bin/activate\"","&&","python3.13","\"/Users/maczki/Desktop/NextGenPicks/NextGenPicks/functions/venv/lib/python3.13/site-packages/firebase_functions/private/serving.py\""]
[info]  * Serving Flask app 'serving'
 * Debug mode: off

[error] WARNING: This is a development server. Do not use it in a production deployment. Use a production WSGI server instead.
 * Running on http://127.0.0.1:8081

[error] Press CTRL+C to quit

[error] 127.0.0.1 - - [07/Feb/2026 15:55:08] "GET /__/functions.yaml HTTP/1.1" 200 -

[debug] [2026-02-07T23:55:08.167Z] Got response from /__/functions.yaml endpoints:
  analyze_player:
    availableMemoryMb: null
    concurrency: null
    entryPoint: analyze_player
    httpsTrigger: {}
    ingressSettings: null
    labels: {}
    maxInstances: null
    minInstances: null
    platform: gcfv2
    secretEnvironmentVariables:
    - key: GOOGLE_API_KEY
    - key: ODDS_API_KEY
    serviceAccountEmail: null
    timeoutSeconds: 120
  batch_analyze:
    availableMemoryMb: 1024
    concurrency: null
    entryPoint: batch_analyze
    httpsTrigger: {}
    ingressSettings: null
    labels: {}
    maxInstances: null
    minInstances: null
    platform: gcfv2
    secretEnvironmentVariables:
    - key: GOOGLE_API_KEY
    serviceAccountEmail: null
    timeoutSeconds: 540
  scheduled_refresh:
    availableMemoryMb: 1024
    concurrency: null
    entryPoint: scheduled_refresh
    ingressSettings: null
    labels: {}
    maxInstances: null
    minInstances: null
    platform: gcfv2
    scheduleTrigger:
      retryConfig: {}
      schedule: 0 0-1,6-23 * * *
      timeZone: America/Los_Angeles
    secretEnvironmentVariables:
    - key: GOOGLE_API_KEY
    serviceAccountEmail: null
    timeoutSeconds: 540
params: []
requiredAPIs:
- api: cloudscheduler.googleapis.com
  reason: Needed for scheduled functions.
specVersion: v1alpha1

[error] 127.0.0.1 - - [07/Feb/2026 15:55:08] "GET /__/quitquitquit HTTP/1.1" 200 -

[error] /bin/sh: line 1: 55025 Terminated: 15          python3.13 "/Users/maczki/Desktop/NextGenPicks/NextGenPicks/functions/venv/lib/python3.13/site-packages/firebase_functions/private/serving.py"

[info] i  functions: preparing functions directory for uploading... 
[info] i  functions: packaged /Users/maczki/Desktop/NextGenPicks/NextGenPicks/functions (157.73 KB) for uploading 
[debug] [2026-02-07T23:55:08.200Z] Checked if tokens are valid: true, expires at: 1770512104379
[debug] [2026-02-07T23:55:08.200Z] Checked if tokens are valid: true, expires at: 1770512104379
[debug] [2026-02-07T23:55:08.200Z] >>> [apiv2][query] GET https://cloudfunctions.googleapis.com/v1/projects/nextgenpicks-fb759/locations/-/functions [none]
[debug] [2026-02-07T23:55:08.638Z] <<< [apiv2][status] GET https://cloudfunctions.googleapis.com/v1/projects/nextgenpicks-fb759/locations/-/functions 200
[debug] [2026-02-07T23:55:08.639Z] <<< [apiv2][body] GET https://cloudfunctions.googleapis.com/v1/projects/nextgenpicks-fb759/locations/-/functions {}
[debug] [2026-02-07T23:55:08.639Z] Checked if tokens are valid: true, expires at: 1770512104379
[debug] [2026-02-07T23:55:08.640Z] Checked if tokens are valid: true, expires at: 1770512104379
[debug] [2026-02-07T23:55:08.640Z] >>> [apiv2][query] GET https://cloudfunctions.googleapis.com/v2/projects/nextgenpicks-fb759/locations/-/functions filter=environment%3D%22GEN_2%22
[debug] [2026-02-07T23:55:09.185Z] <<< [apiv2][status] GET https://cloudfunctions.googleapis.com/v2/projects/nextgenpicks-fb759/locations/-/functions 200
[debug] [2026-02-07T23:55:09.185Z] <<< [apiv2][body] GET https://cloudfunctions.googleapis.com/v2/projects/nextgenpicks-fb759/locations/-/functions {"functions":[{"name":"projects/nextgenpicks-fb759/locations/us-central1/functions/scheduled_refresh","buildConfig":{"build":"projects/293498367052/locations/us-central1/builds/bf358acf-c828-4ab6-a535-f3bdda06c2b7","runtime":"python313","entryPoint":"scheduled_refresh","source":{"storageSource":{"bucket":"gcf-v2-sources-293498367052-us-central1","object":"scheduled_refresh/function-source.zip","generation":"1770500500036276"}},"environmentVariables":{"GOOGLE_NODE_RUN_SCRIPTS":""},"dockerRepository":"projects/nextgenpicks-fb759/locations/us-central1/repositories/gcf-artifacts","sourceProvenance":{"resolvedStorageSource":{"bucket":"gcf-v2-sources-293498367052-us-central1","object":"scheduled_refresh/function-source.zip","generation":"1770500500036276"}},"dockerRegistry":"ARTIFACT_REGISTRY","serviceAccount":"projects/nextgenpicks-fb759/serviceAccounts/293498367052-compute@developer.gserviceaccount.com","automaticUpdatePolicy":{}},"serviceConfig":{"service":"projects/nextgenpicks-fb759/locations/us-central1/services/scheduled-refresh","timeoutSeconds":540,"environmentVariables":{"FIREBASE_CONFIG":"{\"projectId\":\"nextgenpicks-fb759\",\"storageBucket\":\"nextgenpicks-fb759.firebasestorage.app\"}","GCLOUD_PROJECT":"nextgenpicks-fb759","EVENTARC_CLOUD_EVENT_SOURCE":"projects/nextgenpicks-fb759/locations/us-central1/services/scheduled_refresh","FUNCTION_TARGET":"scheduled_refresh","LOG_EXECUTION_ID":"true","FUNCTION_SIGNATURE_TYPE":"http"},"maxInstanceCount":20,"ingressSettings":"ALLOW_ALL","uri":"https://scheduled-refresh-qqtyxxni4q-uc.a.run.app","serviceAccountEmail":"293498367052-compute@developer.gserviceaccount.com","availableMemory":"1024Mi","allTrafficOnLatestRevision":true,"secretEnvironmentVariables":[{"key":"GOOGLE_API_KEY","projectId":"nextgenpicks-fb759","secret":"GOOGLE_API_KEY","version":"2"}],"revision":"scheduled-refresh-00055-qir","maxInstanceRequestConcurrency":80,"availableCpu":"1"},"state":"ACTIVE","updateTime":"2026-02-07T21:42:06.619411447Z","labels":{"deployment-tool":"cli-firebase","deployment-scheduled":"true","firebase-functions-hash":"8737f41262f547cad5c546e355984397f0738799"},"environment":"GEN_2","url":"https://us-central1-nextgenpicks-fb759.cloudfunctions.net/scheduled_refresh","createTime":"2026-02-02T07:33:21.831587340Z","satisfiesPzi":true},{"name":"projects/nextgenpicks-fb759/locations/us-central1/functions/analyze_player","buildConfig":{"build":"projects/293498367052/locations/us-central1/builds/803ea681-7f69-4dec-ac9a-3bbdc890d1de","runtime":"python313","entryPoint":"analyze_player","source":{"storageSource":{"bucket":"gcf-v2-sources-293498367052-us-central1","object":"analyze_player/function-source.zip","generation":"1770500400080082"}},"environmentVariables":{"GOOGLE_NODE_RUN_SCRIPTS":""},"dockerRepository":"projects/nextgenpicks-fb759/locations/us-central1/repositories/gcf-artifacts","sourceProvenance":{"resolvedStorageSource":{"bucket":"gcf-v2-sources-293498367052-us-central1","object":"analyze_player/function-source.zip","generation":"1770500400080082"}},"dockerRegistry":"ARTIFACT_REGISTRY","serviceAccount":"projects/nextgenpicks-fb759/serviceAccounts/293498367052-compute@developer.gserviceaccount.com","automaticUpdatePolicy":{}},"serviceConfig":{"service":"projects/nextgenpicks-fb759/locations/us-central1/services/analyze-player","timeoutSeconds":120,"environmentVariables":{"FIREBASE_CONFIG":"{\"projectId\":\"nextgenpicks-fb759\",\"storageBucket\":\"nextgenpicks-fb759.firebasestorage.app\"}","GCLOUD_PROJECT":"nextgenpicks-fb759","EVENTARC_CLOUD_EVENT_SOURCE":"projects/nextgenpicks-fb759/locations/us-central1/services/analyze_player","FUNCTION_TARGET":"analyze_player","LOG_EXECUTION_ID":"true"},"maxInstanceCount":20,"ingressSettings":"ALLOW_ALL","uri":"https://analyze-player-qqtyxxni4q-uc.a.run.app","serviceAccountEmail":"293498367052-compute@developer.gserviceaccount.com","availableMemory":"256Mi","allTrafficOnLatestRevision":true,"secretEnvironmentVariables":[{"key":"GOOGLE_API_KEY","projectId":"nextgenpicks-fb759","secret":"GOOGLE_API_KEY","version":"2"},{"key":"ODDS_API_KEY","projectId":"nextgenpicks-fb759","secret":"ODDS_API_KEY","version":"1"}],"revision":"analyze-player-00066-von","maxInstanceRequestConcurrency":80,"availableCpu":"1"},"state":"ACTIVE","updateTime":"2026-02-07T21:41:07.756559756Z","labels":{"firebase-functions-hash":"78abab79cd2815552d106e11f22e365ab615e484","deployment-tool":"cli-firebase"},"environment":"GEN_2","url":"https://us-central1-nextgenpicks-fb759.cloudfunctions.net/analyze_player","createTime":"2026-02-02T05:42:55.296948924Z","satisfiesPzi":true},{"name":"projects/nextgenpicks-fb759/locations/us-central1/functions/batch_analyze","buildConfig":{"build":"projects/293498367052/locations/us-central1/builds/bf358acf-c828-4ab6-a535-f3bdda06c2b7","runtime":"python313","entryPoint":"batch_analyze","source":{"storageSource":{"bucket":"gcf-v2-sources-293498367052-us-central1","object":"batch_analyze/function-source.zip","generation":"1770500399978329"}},"environmentVariables":{"GOOGLE_NODE_RUN_SCRIPTS":""},"dockerRepository":"projects/nextgenpicks-fb759/locations/us-central1/repositories/gcf-artifacts","sourceProvenance":{"resolvedStorageSource":{"bucket":"gcf-v2-sources-293498367052-us-central1","object":"batch_analyze/function-source.zip","generation":"1770500399978329"}},"dockerRegistry":"ARTIFACT_REGISTRY","serviceAccount":"projects/nextgenpicks-fb759/serviceAccounts/293498367052-compute@developer.gserviceaccount.com","automaticUpdatePolicy":{}},"serviceConfig":{"service":"projects/nextgenpicks-fb759/locations/us-central1/services/batch-analyze","timeoutSeconds":540,"environmentVariables":{"FIREBASE_CONFIG":"{\"projectId\":\"nextgenpicks-fb759\",\"storageBucket\":\"nextgenpicks-fb759.firebasestorage.app\"}","GCLOUD_PROJECT":"nextgenpicks-fb759","EVENTARC_CLOUD_EVENT_SOURCE":"projects/nextgenpicks-fb759/locations/us-central1/services/batch_analyze","FUNCTION_TARGET":"batch_analyze","LOG_EXECUTION_ID":"true","FUNCTION_SIGNATURE_TYPE":"http"},"maxInstanceCount":20,"ingressSettings":"ALLOW_ALL","uri":"https://batch-analyze-qqtyxxni4q-uc.a.run.app","serviceAccountEmail":"293498367052-compute@developer.gserviceaccount.com","availableMemory":"1024Mi","allTrafficOnLatestRevision":true,"secretEnvironmentVariables":[{"key":"GOOGLE_API_KEY","projectId":"nextgenpicks-fb759","secret":"GOOGLE_API_KEY","version":"2"}],"revision":"batch-analyze-00063-paf","maxInstanceRequestConcurrency":80,"availableCpu":"1"},"state":"ACTIVE","updateTime":"2026-02-07T21:42:06.368958272Z","labels":{"firebase-functions-hash":"8737f41262f547cad5c546e355984397f0738799","deployment-tool":"cli-firebase"},"environment":"GEN_2","url":"https://us-central1-nextgenpicks-fb759.cloudfunctions.net/batch_analyze","createTime":"2026-02-02T06:56:15.266233196Z","satisfiesPzi":true}]}
[info] i  functions: ensuring required API cloudscheduler.googleapis.com is enabled... 
[info] i  functions: ensuring required API run.googleapis.com is enabled... 
[info] i  functions: ensuring required API eventarc.googleapis.com is enabled... 
[info] i  functions: ensuring required API pubsub.googleapis.com is enabled... 
[info] i  functions: ensuring required API storage.googleapis.com is enabled... 
[info] i  functions: generating the service identity for pubsub.googleapis.com... 
[debug] [2026-02-07T23:55:09.192Z] Checked if tokens are valid: true, expires at: 1770512104379
[debug] [2026-02-07T23:55:09.192Z] Checked if tokens are valid: true, expires at: 1770512104379
[info] i  functions: generating the service identity for eventarc.googleapis.com... 
[debug] [2026-02-07T23:55:09.192Z] Checked if tokens are valid: true, expires at: 1770512104379
[debug] [2026-02-07T23:55:09.192Z] Checked if tokens are valid: true, expires at: 1770512104379
[debug] [2026-02-07T23:55:09.192Z] >>> [apiv2][query] POST https://serviceusage.googleapis.com/v1beta1/projects/293498367052/services/pubsub.googleapis.com:generateServiceIdentity [none]
[debug] [2026-02-07T23:55:09.192Z] >>> [apiv2][(partial)header] POST https://serviceusage.googleapis.com/v1beta1/projects/293498367052/services/pubsub.googleapis.com:generateServiceIdentity  x-goog-user-project=293498367052
[debug] [2026-02-07T23:55:09.192Z] >>> [apiv2][body] POST https://serviceusage.googleapis.com/v1beta1/projects/293498367052/services/pubsub.googleapis.com:generateServiceIdentity {}
[debug] [2026-02-07T23:55:09.194Z] >>> [apiv2][query] POST https://serviceusage.googleapis.com/v1beta1/projects/293498367052/services/eventarc.googleapis.com:generateServiceIdentity [none]
[debug] [2026-02-07T23:55:09.194Z] >>> [apiv2][(partial)header] POST https://serviceusage.googleapis.com/v1beta1/projects/293498367052/services/eventarc.googleapis.com:generateServiceIdentity  x-goog-user-project=293498367052
[debug] [2026-02-07T23:55:09.194Z] >>> [apiv2][body] POST https://serviceusage.googleapis.com/v1beta1/projects/293498367052/services/eventarc.googleapis.com:generateServiceIdentity {}
[debug] [2026-02-07T23:55:09.686Z] <<< [apiv2][status] POST https://serviceusage.googleapis.com/v1beta1/projects/293498367052/services/pubsub.googleapis.com:generateServiceIdentity 200
[debug] [2026-02-07T23:55:09.687Z] <<< [apiv2][body] POST https://serviceusage.googleapis.com/v1beta1/projects/293498367052/services/pubsub.googleapis.com:generateServiceIdentity {"name":"operations/finished.DONE_OPERATION","done":true,"response":{"@type":"type.googleapis.com/google.api.serviceusage.v1beta1.ServiceIdentity","email":"service-293498367052@gcp-sa-pubsub.iam.gserviceaccount.com","uniqueId":"101170546800190325328"}}
[debug] [2026-02-07T23:55:09.742Z] <<< [apiv2][status] POST https://serviceusage.googleapis.com/v1beta1/projects/293498367052/services/eventarc.googleapis.com:generateServiceIdentity 200
[debug] [2026-02-07T23:55:09.742Z] <<< [apiv2][body] POST https://serviceusage.googleapis.com/v1beta1/projects/293498367052/services/eventarc.googleapis.com:generateServiceIdentity {"name":"operations/finished.DONE_OPERATION","done":true,"response":{"@type":"type.googleapis.com/google.api.serviceusage.v1beta1.ServiceIdentity","email":"service-293498367052@gcp-sa-eventarc.iam.gserviceaccount.com","uniqueId":"110484848577290380527"}}
[info] i  functions: ensuring required API secretmanager.googleapis.com is enabled... 
[debug] [2026-02-07T23:55:09.745Z] Checked if tokens are valid: true, expires at: 1770512104379
[debug] [2026-02-07T23:55:09.745Z] Checked if tokens are valid: true, expires at: 1770512104379
[debug] [2026-02-07T23:55:09.745Z] Checked if tokens are valid: true, expires at: 1770512104379
[debug] [2026-02-07T23:55:09.745Z] Checked if tokens are valid: true, expires at: 1770512104379
[debug] [2026-02-07T23:55:09.745Z] >>> [apiv2][query] GET https://secretmanager.googleapis.com/v1/projects/nextgenpicks-fb759/secrets/GOOGLE_API_KEY/versions/latest [none]
[debug] [2026-02-07T23:55:09.746Z] >>> [apiv2][query] GET https://secretmanager.googleapis.com/v1/projects/nextgenpicks-fb759/secrets/ODDS_API_KEY/versions/latest [none]
[debug] [2026-02-07T23:55:09.877Z] <<< [apiv2][status] GET https://secretmanager.googleapis.com/v1/projects/nextgenpicks-fb759/secrets/GOOGLE_API_KEY/versions/latest 200
[debug] [2026-02-07T23:55:09.877Z] <<< [apiv2][body] GET https://secretmanager.googleapis.com/v1/projects/nextgenpicks-fb759/secrets/GOOGLE_API_KEY/versions/latest {"name":"projects/293498367052/secrets/GOOGLE_API_KEY/versions/2","createTime":"2026-02-02T05:37:49.945777Z","state":"ENABLED","replicationStatus":{"automatic":{}},"etag":"\"1649d0b93b13b1\""}
[debug] [2026-02-07T23:55:09.878Z] Resolved secret version of GOOGLE_API_KEY to 2.
[debug] [2026-02-07T23:55:09.882Z] <<< [apiv2][status] GET https://secretmanager.googleapis.com/v1/projects/nextgenpicks-fb759/secrets/ODDS_API_KEY/versions/latest 200
[debug] [2026-02-07T23:55:09.883Z] <<< [apiv2][body] GET https://secretmanager.googleapis.com/v1/projects/nextgenpicks-fb759/secrets/ODDS_API_KEY/versions/latest {"name":"projects/293498367052/secrets/ODDS_API_KEY/versions/1","createTime":"2026-02-02T05:37:05.973896Z","state":"ENABLED","replicationStatus":{"automatic":{}},"etag":"\"1649d0b69c1e88\""}
[debug] [2026-02-07T23:55:09.883Z] Resolved secret version of ODDS_API_KEY to 1.
[debug] [2026-02-07T23:55:09.885Z] Checked if tokens are valid: true, expires at: 1770512104379
[debug] [2026-02-07T23:55:09.885Z] Checked if tokens are valid: true, expires at: 1770512104379
[debug] [2026-02-07T23:55:09.885Z] >>> [apiv2][query] GET https://cloudresourcemanager.googleapis.com/v1/projects/nextgenpicks-fb759 [none]
[debug] [2026-02-07T23:55:09.973Z] <<< [apiv2][status] GET https://cloudresourcemanager.googleapis.com/v1/projects/nextgenpicks-fb759 200
[debug] [2026-02-07T23:55:09.973Z] <<< [apiv2][body] GET https://cloudresourcemanager.googleapis.com/v1/projects/nextgenpicks-fb759 {"projectNumber":"293498367052","projectId":"nextgenpicks-fb759","lifecycleState":"ACTIVE","name":"NextGenPicks","labels":{"firebase":"enabled","firebase-core":"disabled"},"createTime":"2026-01-28T09:23:09.934278Z"}
[debug] [2026-02-07T23:55:09.974Z] Checked if tokens are valid: true, expires at: 1770512104379
[debug] [2026-02-07T23:55:09.974Z] Checked if tokens are valid: true, expires at: 1770512104379
[debug] [2026-02-07T23:55:09.974Z] >>> [apiv2][query] GET https://compute.googleapis.com/compute/v1/projects/293498367052 [none]
[debug] [2026-02-07T23:55:10.120Z] <<< [apiv2][status] GET https://compute.googleapis.com/compute/v1/projects/293498367052 403
[debug] [2026-02-07T23:55:10.120Z] <<< [apiv2][body] GET https://compute.googleapis.com/compute/v1/projects/293498367052 {"error":{"code":403,"message":"Compute Engine API has not been used in project 293498367052 before or it is disabled. Enable it by visiting https://console.developers.google.com/apis/api/compute.googleapis.com/overview?project=293498367052 then retry. If you enabled this API recently, wait a few minutes for the action to propagate to our systems and retry.","errors":[{"message":"Compute Engine API has not been used in project 293498367052 before or it is disabled. Enable it by visiting https://console.developers.google.com/apis/api/compute.googleapis.com/overview?project=293498367052 then retry. If you enabled this API recently, wait a few minutes for the action to propagate to our systems and retry.","domain":"usageLimits","reason":"accessNotConfigured","extendedHelp":"https://console.developers.google.com"}],"status":"PERMISSION_DENIED","details":[{"@type":"type.googleapis.com/google.rpc.ErrorInfo","reason":"SERVICE_DISABLED","domain":"googleapis.com","metadata":{"consumer":"projects/293498367052","serviceTitle":"Compute Engine API","containerInfo":"293498367052","activationUrl":"https://console.developers.google.com/apis/api/compute.googleapis.com/overview?project=293498367052","service":"compute.googleapis.com"}},{"@type":"type.googleapis.com/google.rpc.LocalizedMessage","locale":"en-US","message":"Compute Engine API has not been used in project 293498367052 before or it is disabled. Enable it by visiting https://console.developers.google.com/apis/api/compute.googleapis.com/overview?project=293498367052 then retry. If you enabled this API recently, wait a few minutes for the action to propagate to our systems and retry."},{"@type":"type.googleapis.com/google.rpc.Help","links":[{"description":"Google developers console API activation","url":"https://console.developers.google.com/apis/api/compute.googleapis.com/overview?project=293498367052"}]}]}}
[debug] [2026-02-07T23:55:10.121Z] unable to look up default compute service account. Falling back to 293498367052-compute@developer.gserviceaccount.com. Error: {"name":"FirebaseError","children":[],"context":{"body":{"error":{"code":403,"message":"Compute Engine API has not been used in project 293498367052 before or it is disabled. Enable it by visiting https://console.developers.google.com/apis/api/compute.googleapis.com/overview?project=293498367052 then retry. If you enabled this API recently, wait a few minutes for the action to propagate to our systems and retry.","errors":[{"message":"Compute Engine API has not been used in project 293498367052 before or it is disabled. Enable it by visiting https://console.developers.google.com/apis/api/compute.googleapis.com/overview?project=293498367052 then retry. If you enabled this API recently, wait a few minutes for the action to propagate to our systems and retry.","domain":"usageLimits","reason":"accessNotConfigured","extendedHelp":"https://console.developers.google.com"}],"status":"PERMISSION_DENIED","details":[{"@type":"type.googleapis.com/google.rpc.ErrorInfo","reason":"SERVICE_DISABLED","domain":"googleapis.com","metadata":{"consumer":"projects/293498367052","serviceTitle":"Compute Engine API","containerInfo":"293498367052","activationUrl":"https://console.developers.google.com/apis/api/compute.googleapis.com/overview?project=293498367052","service":"compute.googleapis.com"}},{"@type":"type.googleapis.com/google.rpc.LocalizedMessage","locale":"en-US","message":"Compute Engine API has not been used in project 293498367052 before or it is disabled. Enable it by visiting https://console.developers.google.com/apis/api/compute.googleapis.com/overview?project=293498367052 then retry. If you enabled this API recently, wait a few minutes for the action to propagate to our systems and retry."},{"@type":"type.googleapis.com/google.rpc.Help","links":[{"description":"Google developers console API activation","url":"https://console.developers.google.com/apis/api/compute.googleapis.com/overview?project=293498367052"}]}]}},"response":{"statusCode":403}},"exit":1,"message":"Request to https://compute.googleapis.com/compute/v1/projects/293498367052 had HTTP Error: 403, Compute Engine API has not been used in project 293498367052 before or it is disabled. Enable it by visiting https://console.developers.google.com/apis/api/compute.googleapis.com/overview?project=293498367052 then retry. If you enabled this API recently, wait a few minutes for the action to propagate to our systems and retry.","status":403}
[debug] [2026-02-07T23:55:10.121Z] Checked if tokens are valid: true, expires at: 1770512104379
[debug] [2026-02-07T23:55:10.121Z] Checked if tokens are valid: true, expires at: 1770512104379
[debug] [2026-02-07T23:55:10.121Z] >>> [apiv2][query] GET https://compute.googleapis.com/compute/v1/projects/293498367052 [none]
[debug] [2026-02-07T23:55:10.199Z] <<< [apiv2][status] GET https://compute.googleapis.com/compute/v1/projects/293498367052 403
[debug] [2026-02-07T23:55:10.199Z] <<< [apiv2][body] GET https://compute.googleapis.com/compute/v1/projects/293498367052 {"error":{"code":403,"message":"Compute Engine API has not been used in project 293498367052 before or it is disabled. Enable it by visiting https://console.developers.google.com/apis/api/compute.googleapis.com/overview?project=293498367052 then retry. If you enabled this API recently, wait a few minutes for the action to propagate to our systems and retry.","errors":[{"message":"Compute Engine API has not been used in project 293498367052 before or it is disabled. Enable it by visiting https://console.developers.google.com/apis/api/compute.googleapis.com/overview?project=293498367052 then retry. If you enabled this API recently, wait a few minutes for the action to propagate to our systems and retry.","domain":"usageLimits","reason":"accessNotConfigured","extendedHelp":"https://console.developers.google.com"}],"status":"PERMISSION_DENIED","details":[{"@type":"type.googleapis.com/google.rpc.ErrorInfo","reason":"SERVICE_DISABLED","domain":"googleapis.com","metadata":{"service":"compute.googleapis.com","serviceTitle":"Compute Engine API","consumer":"projects/293498367052","containerInfo":"293498367052","activationUrl":"https://console.developers.google.com/apis/api/compute.googleapis.com/overview?project=293498367052"}},{"@type":"type.googleapis.com/google.rpc.LocalizedMessage","locale":"en-US","message":"Compute Engine API has not been used in project 293498367052 before or it is disabled. Enable it by visiting https://console.developers.google.com/apis/api/compute.googleapis.com/overview?project=293498367052 then retry. If you enabled this API recently, wait a few minutes for the action to propagate to our systems and retry."},{"@type":"type.googleapis.com/google.rpc.Help","links":[{"description":"Google developers console API activation","url":"https://console.developers.google.com/apis/api/compute.googleapis.com/overview?project=293498367052"}]}]}}
[debug] [2026-02-07T23:55:10.200Z] unable to look up default compute service account. Falling back to 293498367052-compute@developer.gserviceaccount.com. Error: {"name":"FirebaseError","children":[],"context":{"body":{"error":{"code":403,"message":"Compute Engine API has not been used in project 293498367052 before or it is disabled. Enable it by visiting https://console.developers.google.com/apis/api/compute.googleapis.com/overview?project=293498367052 then retry. If you enabled this API recently, wait a few minutes for the action to propagate to our systems and retry.","errors":[{"message":"Compute Engine API has not been used in project 293498367052 before or it is disabled. Enable it by visiting https://console.developers.google.com/apis/api/compute.googleapis.com/overview?project=293498367052 then retry. If you enabled this API recently, wait a few minutes for the action to propagate to our systems and retry.","domain":"usageLimits","reason":"accessNotConfigured","extendedHelp":"https://console.developers.google.com"}],"status":"PERMISSION_DENIED","details":[{"@type":"type.googleapis.com/google.rpc.ErrorInfo","reason":"SERVICE_DISABLED","domain":"googleapis.com","metadata":{"service":"compute.googleapis.com","serviceTitle":"Compute Engine API","consumer":"projects/293498367052","containerInfo":"293498367052","activationUrl":"https://console.developers.google.com/apis/api/compute.googleapis.com/overview?project=293498367052"}},{"@type":"type.googleapis.com/google.rpc.LocalizedMessage","locale":"en-US","message":"Compute Engine API has not been used in project 293498367052 before or it is disabled. Enable it by visiting https://console.developers.google.com/apis/api/compute.googleapis.com/overview?project=293498367052 then retry. If you enabled this API recently, wait a few minutes for the action to propagate to our systems and retry."},{"@type":"type.googleapis.com/google.rpc.Help","links":[{"description":"Google developers console API activation","url":"https://console.developers.google.com/apis/api/compute.googleapis.com/overview?project=293498367052"}]}]}},"response":{"statusCode":403}},"exit":1,"message":"Request to https://compute.googleapis.com/compute/v1/projects/293498367052 had HTTP Error: 403, Compute Engine API has not been used in project 293498367052 before or it is disabled. Enable it by visiting https://console.developers.google.com/apis/api/compute.googleapis.com/overview?project=293498367052 then retry. If you enabled this API recently, wait a few minutes for the action to propagate to our systems and retry.","status":403}
[debug] [2026-02-07T23:55:10.200Z] Checked if tokens are valid: true, expires at: 1770512104379
[debug] [2026-02-07T23:55:10.200Z] Checked if tokens are valid: true, expires at: 1770512104379
[debug] [2026-02-07T23:55:10.200Z] >>> [apiv2][query] GET https://compute.googleapis.com/compute/v1/projects/293498367052 [none]
[debug] [2026-02-07T23:55:10.289Z] <<< [apiv2][status] GET https://compute.googleapis.com/compute/v1/projects/293498367052 403
[debug] [2026-02-07T23:55:10.289Z] <<< [apiv2][body] GET https://compute.googleapis.com/compute/v1/projects/293498367052 {"error":{"code":403,"message":"Compute Engine API has not been used in project 293498367052 before or it is disabled. Enable it by visiting https://console.developers.google.com/apis/api/compute.googleapis.com/overview?project=293498367052 then retry. If you enabled this API recently, wait a few minutes for the action to propagate to our systems and retry.","errors":[{"message":"Compute Engine API has not been used in project 293498367052 before or it is disabled. Enable it by visiting https://console.developers.google.com/apis/api/compute.googleapis.com/overview?project=293498367052 then retry. If you enabled this API recently, wait a few minutes for the action to propagate to our systems and retry.","domain":"usageLimits","reason":"accessNotConfigured","extendedHelp":"https://console.developers.google.com"}],"status":"PERMISSION_DENIED","details":[{"@type":"type.googleapis.com/google.rpc.ErrorInfo","reason":"SERVICE_DISABLED","domain":"googleapis.com","metadata":{"containerInfo":"293498367052","service":"compute.googleapis.com","activationUrl":"https://console.developers.google.com/apis/api/compute.googleapis.com/overview?project=293498367052","consumer":"projects/293498367052","serviceTitle":"Compute Engine API"}},{"@type":"type.googleapis.com/google.rpc.LocalizedMessage","locale":"en-US","message":"Compute Engine API has not been used in project 293498367052 before or it is disabled. Enable it by visiting https://console.developers.google.com/apis/api/compute.googleapis.com/overview?project=293498367052 then retry. If you enabled this API recently, wait a few minutes for the action to propagate to our systems and retry."},{"@type":"type.googleapis.com/google.rpc.Help","links":[{"description":"Google developers console API activation","url":"https://console.developers.google.com/apis/api/compute.googleapis.com/overview?project=293498367052"}]}]}}
[debug] [2026-02-07T23:55:10.289Z] unable to look up default compute service account. Falling back to 293498367052-compute@developer.gserviceaccount.com. Error: {"name":"FirebaseError","children":[],"context":{"body":{"error":{"code":403,"message":"Compute Engine API has not been used in project 293498367052 before or it is disabled. Enable it by visiting https://console.developers.google.com/apis/api/compute.googleapis.com/overview?project=293498367052 then retry. If you enabled this API recently, wait a few minutes for the action to propagate to our systems and retry.","errors":[{"message":"Compute Engine API has not been used in project 293498367052 before or it is disabled. Enable it by visiting https://console.developers.google.com/apis/api/compute.googleapis.com/overview?project=293498367052 then retry. If you enabled this API recently, wait a few minutes for the action to propagate to our systems and retry.","domain":"usageLimits","reason":"accessNotConfigured","extendedHelp":"https://console.developers.google.com"}],"status":"PERMISSION_DENIED","details":[{"@type":"type.googleapis.com/google.rpc.ErrorInfo","reason":"SERVICE_DISABLED","domain":"googleapis.com","metadata":{"containerInfo":"293498367052","service":"compute.googleapis.com","activationUrl":"https://console.developers.google.com/apis/api/compute.googleapis.com/overview?project=293498367052","consumer":"projects/293498367052","serviceTitle":"Compute Engine API"}},{"@type":"type.googleapis.com/google.rpc.LocalizedMessage","locale":"en-US","message":"Compute Engine API has not been used in project 293498367052 before or it is disabled. Enable it by visiting https://console.developers.google.com/apis/api/compute.googleapis.com/overview?project=293498367052 then retry. If you enabled this API recently, wait a few minutes for the action to propagate to our systems and retry."},{"@type":"type.googleapis.com/google.rpc.Help","links":[{"description":"Google developers console API activation","url":"https://console.developers.google.com/apis/api/compute.googleapis.com/overview?project=293498367052"}]}]}},"response":{"statusCode":403}},"exit":1,"message":"Request to https://compute.googleapis.com/compute/v1/projects/293498367052 had HTTP Error: 403, Compute Engine API has not been used in project 293498367052 before or it is disabled. Enable it by visiting https://console.developers.google.com/apis/api/compute.googleapis.com/overview?project=293498367052 then retry. If you enabled this API recently, wait a few minutes for the action to propagate to our systems and retry.","status":403}
[debug] [2026-02-07T23:55:10.292Z] Checked if tokens are valid: true, expires at: 1770512104379
[debug] [2026-02-07T23:55:10.293Z] Checked if tokens are valid: true, expires at: 1770512104379
[debug] [2026-02-07T23:55:10.293Z] >>> [apiv2][query] POST https://cloudfunctions.googleapis.com/v2/projects/nextgenpicks-fb759/locations/us-central1/functions:generateUploadUrl [none]
[debug] [2026-02-07T23:55:10.461Z] <<< [apiv2][status] POST https://cloudfunctions.googleapis.com/v2/projects/nextgenpicks-fb759/locations/us-central1/functions:generateUploadUrl 200
[debug] [2026-02-07T23:55:10.462Z] <<< [apiv2][body] POST https://cloudfunctions.googleapis.com/v2/projects/nextgenpicks-fb759/locations/us-central1/functions:generateUploadUrl {"uploadUrl":"https://storage.googleapis.com/gcf-v2-uploads-293498367052.us-central1.cloudfunctions.appspot.com/b0f1789b-7ad1-4cc0-85d2-ec3acc1106d1.zip?GoogleAccessId=service-293498367052@gcf-admin-robot.iam.gserviceaccount.com&Expires=1770510310&Signature=nqLxj3J5yIFUfGfNnGXhgjsEa3PtNA6Yv2mliepdrN499uaZ%2BoBiBkrkRzyoHod8Ob1EhzAwd%2BU4TY0iU2G%2FjzI4pOf6rLi7%2BLr66%2BWDfS48ArCwN4bjAN3utmad6aV%2B%2BFpWsCiEA4%2BfT2ykzQlylwZD5WcG3kU9rVkUnp9qIyMHgqcCMDFWxdoxxE8sqNe84nj5lpuAQed3bxynrEEaYMSN4dTgLxtfYNN9gMzaSqvzF68uAB9sinRR%2B5W1zFA70mpMFrPzc4aYGfH%2B7kegVQQfdf07uH1t9YboONRN5BwK28tuTxQBUH%2BIVBJ79C4DmHEwwLHLywzO5Sxc2hrAZQ%3D%3D","storageSource":{"bucket":"gcf-v2-uploads-293498367052.us-central1.cloudfunctions.appspot.com","object":"b0f1789b-7ad1-4cc0-85d2-ec3acc1106d1.zip"}}
[debug] [2026-02-07T23:55:10.463Z] >>> [apiv2][query] PUT https://storage.googleapis.com/gcf-v2-uploads-293498367052.us-central1.cloudfunctions.appspot.com/b0f1789b-7ad1-4cc0-85d2-ec3acc1106d1.zip GoogleAccessId=service-293498367052%40gcf-admin-robot.iam.gserviceaccount.com&Expires=1770510310&Signature=nqLxj3J5yIFUfGfNnGXhgjsEa3PtNA6Yv2mliepdrN499uaZ%2BoBiBkrkRzyoHod8Ob1EhzAwd%2BU4TY0iU2G%2FjzI4pOf6rLi7%2BLr66%2BWDfS48ArCwN4bjAN3utmad6aV%2B%2BFpWsCiEA4%2BfT2ykzQlylwZD5WcG3kU9rVkUnp9qIyMHgqcCMDFWxdoxxE8sqNe84nj5lpuAQed3bxynrEEaYMSN4dTgLxtfYNN9gMzaSqvzF68uAB9sinRR%2B5W1zFA70mpMFrPzc4aYGfH%2B7kegVQQfdf07uH1t9YboONRN5BwK28tuTxQBUH%2BIVBJ79C4DmHEwwLHLywzO5Sxc2hrAZQ%3D%3D
[debug] [2026-02-07T23:55:10.463Z] >>> [apiv2][body] PUT https://storage.googleapis.com/gcf-v2-uploads-293498367052.us-central1.cloudfunctions.appspot.com/b0f1789b-7ad1-4cc0-85d2-ec3acc1106d1.zip [stream]
[debug] [2026-02-07T23:55:10.754Z] <<< [apiv2][status] PUT https://storage.googleapis.com/gcf-v2-uploads-293498367052.us-central1.cloudfunctions.appspot.com/b0f1789b-7ad1-4cc0-85d2-ec3acc1106d1.zip 200
[debug] [2026-02-07T23:55:10.754Z] <<< [apiv2][body] PUT https://storage.googleapis.com/gcf-v2-uploads-293498367052.us-central1.cloudfunctions.appspot.com/b0f1789b-7ad1-4cc0-85d2-ec3acc1106d1.zip [omitted]
[info] ✔  functions: functions source uploaded successfully 
[info] i  functions: updating Python 3.13 (2nd Gen) function analyze_player(us-central1)... 
[info] i  functions: updating Python 3.13 (2nd Gen) function batch_analyze(us-central1)... 
[info] i  functions: updating Python 3.13 (2nd Gen) function scheduled_refresh(us-central1)... 
[debug] [2026-02-07T23:55:10.761Z] Checked if tokens are valid: true, expires at: 1770512104379
[debug] [2026-02-07T23:55:10.761Z] Checked if tokens are valid: true, expires at: 1770512104379
[debug] [2026-02-07T23:55:10.761Z] Checked if tokens are valid: true, expires at: 1770512104379
[debug] [2026-02-07T23:55:10.762Z] Checked if tokens are valid: true, expires at: 1770512104379
[debug] [2026-02-07T23:55:10.762Z] >>> [apiv2][query] PATCH https://cloudfunctions.googleapis.com/v2/projects/nextgenpicks-fb759/locations/us-central1/functions/analyze_player updateMask=name%2CbuildConfig.runtime%2CbuildConfig.entryPoint%2CbuildConfig.source.storageSource.bucket%2CbuildConfig.source.storageSource.object%2CbuildConfig.environmentVariables%2CbuildConfig.sourceToken%2CserviceConfig.environmentVariables%2CserviceConfig.secretEnvironmentVariables%2CserviceConfig.ingressSettings%2CserviceConfig.timeoutSeconds%2CserviceConfig.serviceAccountEmail%2CserviceConfig.availableMemory%2CserviceConfig.minInstanceCount%2CserviceConfig.maxInstanceCount%2CserviceConfig.maxInstanceRequestConcurrency%2CserviceConfig.availableCpu%2Clabels
[debug] [2026-02-07T23:55:10.762Z] >>> [apiv2][body] PATCH https://cloudfunctions.googleapis.com/v2/projects/nextgenpicks-fb759/locations/us-central1/functions/analyze_player {"name":"projects/nextgenpicks-fb759/locations/us-central1/functions/analyze_player","buildConfig":{"runtime":"python313","entryPoint":"analyze_player","source":{"storageSource":{"bucket":"gcf-v2-uploads-293498367052.us-central1.cloudfunctions.appspot.com","object":"b0f1789b-7ad1-4cc0-85d2-ec3acc1106d1.zip"}},"environmentVariables":{"GOOGLE_NODE_RUN_SCRIPTS":""}},"serviceConfig":{"environmentVariables":{"FIREBASE_CONFIG":"{\"projectId\":\"nextgenpicks-fb759\",\"storageBucket\":\"nextgenpicks-fb759.firebasestorage.app\"}","GCLOUD_PROJECT":"nextgenpicks-fb759","EVENTARC_CLOUD_EVENT_SOURCE":"projects/nextgenpicks-fb759/locations/us-central1/services/analyze_player","FUNCTION_TARGET":"analyze_player","LOG_EXECUTION_ID":"true"},"secretEnvironmentVariables":[{"key":"GOOGLE_API_KEY","secret":"GOOGLE_API_KEY","projectId":"nextgenpicks-fb759","version":"2"},{"key":"ODDS_API_KEY","secret":"ODDS_API_KEY","projectId":"nextgenpicks-fb759","version":"1"}],"ingressSettings":null,"timeoutSeconds":120,"serviceAccountEmail":null,"availableMemory":"256Mi","minInstanceCount":null,"maxInstanceCount":null,"maxInstanceRequestConcurrency":80,"availableCpu":"1"},"labels":{"deployment-tool":"cli-firebase","firebase-functions-hash":"8185fc012a526538eda83a0c5aefe45e916441a4"}}
[debug] [2026-02-07T23:55:10.763Z] >>> [apiv2][query] PATCH https://cloudfunctions.googleapis.com/v2/projects/nextgenpicks-fb759/locations/us-central1/functions/batch_analyze updateMask=name%2CbuildConfig.runtime%2CbuildConfig.entryPoint%2CbuildConfig.source.storageSource.bucket%2CbuildConfig.source.storageSource.object%2CbuildConfig.environmentVariables%2CbuildConfig.sourceToken%2CserviceConfig.environmentVariables%2CserviceConfig.secretEnvironmentVariables%2CserviceConfig.ingressSettings%2CserviceConfig.timeoutSeconds%2CserviceConfig.serviceAccountEmail%2CserviceConfig.availableMemory%2CserviceConfig.minInstanceCount%2CserviceConfig.maxInstanceCount%2CserviceConfig.maxInstanceRequestConcurrency%2CserviceConfig.availableCpu%2Clabels
[debug] [2026-02-07T23:55:10.763Z] >>> [apiv2][body] PATCH https://cloudfunctions.googleapis.com/v2/projects/nextgenpicks-fb759/locations/us-central1/functions/batch_analyze {"name":"projects/nextgenpicks-fb759/locations/us-central1/functions/batch_analyze","buildConfig":{"runtime":"python313","entryPoint":"batch_analyze","source":{"storageSource":{"bucket":"gcf-v2-uploads-293498367052.us-central1.cloudfunctions.appspot.com","object":"b0f1789b-7ad1-4cc0-85d2-ec3acc1106d1.zip"}},"environmentVariables":{"GOOGLE_NODE_RUN_SCRIPTS":""}},"serviceConfig":{"environmentVariables":{"FIREBASE_CONFIG":"{\"projectId\":\"nextgenpicks-fb759\",\"storageBucket\":\"nextgenpicks-fb759.firebasestorage.app\"}","GCLOUD_PROJECT":"nextgenpicks-fb759","EVENTARC_CLOUD_EVENT_SOURCE":"projects/nextgenpicks-fb759/locations/us-central1/services/batch_analyze","FUNCTION_TARGET":"batch_analyze","LOG_EXECUTION_ID":"true","FUNCTION_SIGNATURE_TYPE":"http"},"secretEnvironmentVariables":[{"key":"GOOGLE_API_KEY","secret":"GOOGLE_API_KEY","projectId":"nextgenpicks-fb759","version":"2"}],"ingressSettings":null,"timeoutSeconds":540,"serviceAccountEmail":null,"availableMemory":"1024Mi","minInstanceCount":null,"maxInstanceCount":null,"maxInstanceRequestConcurrency":80,"availableCpu":"1"},"labels":{"deployment-tool":"cli-firebase","firebase-functions-hash":"842697f563c783c1905072b6ba852a0496e809bd"}}
[debug] [2026-02-07T23:55:11.662Z] <<< [apiv2][status] PATCH https://cloudfunctions.googleapis.com/v2/projects/nextgenpicks-fb759/locations/us-central1/functions/analyze_player 200
[debug] [2026-02-07T23:55:11.663Z] <<< [apiv2][body] PATCH https://cloudfunctions.googleapis.com/v2/projects/nextgenpicks-fb759/locations/us-central1/functions/analyze_player {"name":"projects/nextgenpicks-fb759/locations/us-central1/operations/operation-1770508510839-64a44a2dc431e-b0f092dd-2239f5b9","metadata":{"@type":"type.googleapis.com/google.cloud.functions.v2.OperationMetadata","createTime":"2026-02-07T23:55:11.616443835Z","target":"projects/nextgenpicks-fb759/locations/us-central1/functions/analyze_player","verb":"update","cancelRequested":false,"apiVersion":"v2"},"done":false}
[debug] [2026-02-07T23:55:11.663Z] Checked if tokens are valid: true, expires at: 1770512104379
[debug] [2026-02-07T23:55:11.663Z] Checked if tokens are valid: true, expires at: 1770512104379
[debug] [2026-02-07T23:55:11.663Z] >>> [apiv2][query] GET https://cloudfunctions.googleapis.com/v2/projects/nextgenpicks-fb759/locations/us-central1/operations/operation-1770508510839-64a44a2dc431e-b0f092dd-2239f5b9 [none]
[debug] [2026-02-07T23:55:11.681Z] <<< [apiv2][status] PATCH https://cloudfunctions.googleapis.com/v2/projects/nextgenpicks-fb759/locations/us-central1/functions/batch_analyze 200
[debug] [2026-02-07T23:55:11.681Z] <<< [apiv2][body] PATCH https://cloudfunctions.googleapis.com/v2/projects/nextgenpicks-fb759/locations/us-central1/functions/batch_analyze {"name":"projects/nextgenpicks-fb759/locations/us-central1/operations/operation-1770508510871-64a44a2dcc178-0b52df3d-a7435ce8","metadata":{"@type":"type.googleapis.com/google.cloud.functions.v2.OperationMetadata","createTime":"2026-02-07T23:55:11.640610850Z","target":"projects/nextgenpicks-fb759/locations/us-central1/functions/batch_analyze","verb":"update","cancelRequested":false,"apiVersion":"v2"},"done":false}
[debug] [2026-02-07T23:55:11.681Z] Checked if tokens are valid: true, expires at: 1770512104379
[debug] [2026-02-07T23:55:11.682Z] Checked if tokens are valid: true, expires at: 1770512104379
[debug] [2026-02-07T23:55:11.682Z] >>> [apiv2][query] GET https://cloudfunctions.googleapis.com/v2/projects/nextgenpicks-fb759/locations/us-central1/operations/operation-1770508510871-64a44a2dcc178-0b52df3d-a7435ce8 [none]
[debug] [2026-02-07T23:55:11.831Z] <<< [apiv2][status] GET https://cloudfunctions.googleapis.com/v2/projects/nextgenpicks-fb759/locations/us-central1/operations/operation-1770508510871-64a44a2dcc178-0b52df3d-a7435ce8 200
[debug] [2026-02-07T23:55:11.832Z] <<< [apiv2][body] GET https://cloudfunctions.googleapis.com/v2/projects/nextgenpicks-fb759/locations/us-central1/operations/operation-1770508510871-64a44a2dcc178-0b52df3d-a7435ce8 {"name":"projects/nextgenpicks-fb759/locations/us-central1/operations/operation-1770508510871-64a44a2dcc178-0b52df3d-a7435ce8","metadata":{"@type":"type.googleapis.com/google.cloud.functions.v2.OperationMetadata","createTime":"2026-02-07T23:55:11.640610850Z","target":"projects/nextgenpicks-fb759/locations/us-central1/functions/batch_analyze","verb":"update","cancelRequested":false,"apiVersion":"v2","requestResource":{"@type":"type.googleapis.com/google.cloud.functions.v2.Function","name":"projects/nextgenpicks-fb759/locations/us-central1/functions/batch_analyze","buildConfig":{"runtime":"python313","entryPoint":"batch_analyze","source":{"storageSource":{"bucket":"gcf-v2-sources-293498367052-us-central1","object":"batch_analyze/function-source.zip","generation":"1770508511594690"}},"environmentVariables":{"GOOGLE_NODE_RUN_SCRIPTS":""},"dockerRepository":"projects/nextgenpicks-fb759/locations/us-central1/repositories/gcf-artifacts","sourceProvenance":{"resolvedStorageSource":{"bucket":"gcf-v2-sources-293498367052-us-central1","object":"batch_analyze/function-source.zip","generation":"1770500399978329"}},"dockerRegistry":"ARTIFACT_REGISTRY","serviceAccount":"projects/nextgenpicks-fb759/serviceAccounts/293498367052-compute@developer.gserviceaccount.com","automaticUpdatePolicy":{}},"serviceConfig":{"service":"projects/nextgenpicks-fb759/locations/us-central1/services/batch-analyze","timeoutSeconds":540,"environmentVariables":{"FIREBASE_CONFIG":"{\"projectId\":\"nextgenpicks-fb759\",\"storageBucket\":\"nextgenpicks-fb759.firebasestorage.app\"}","GCLOUD_PROJECT":"nextgenpicks-fb759","EVENTARC_CLOUD_EVENT_SOURCE":"projects/nextgenpicks-fb759/locations/us-central1/services/batch_analyze","FUNCTION_TARGET":"batch_analyze","LOG_EXECUTION_ID":"true","FUNCTION_SIGNATURE_TYPE":"http"},"ingressSettings":"ALLOW_ALL","uri":"https://batch-analyze-qqtyxxni4q-uc.a.run.app","serviceAccountEmail":"293498367052-compute@developer.gserviceaccount.com","availableMemory":"1024Mi","allTrafficOnLatestRevision":true,"secretEnvironmentVariables":[{"key":"GOOGLE_API_KEY","projectId":"nextgenpicks-fb759","secret":"GOOGLE_API_KEY","version":"2"}],"revision":"batch-analyze-00063-paf","maxInstanceRequestConcurrency":80,"availableCpu":"1"},"state":"ACTIVE","labels":{"deployment-tool":"cli-firebase","firebase-functions-hash":"842697f563c783c1905072b6ba852a0496e809bd"},"environment":"GEN_2","url":"https://us-central1-nextgenpicks-fb759.cloudfunctions.net/batch_analyze","satisfiesPzi":true},"stages":[{"name":"BUILD","state":"NOT_STARTED"},{"name":"SERVICE","state":"NOT_STARTED"}],"operationType":"UPDATE_FUNCTION"},"done":false}
[debug] [2026-02-07T23:55:11.982Z] <<< [apiv2][status] GET https://cloudfunctions.googleapis.com/v2/projects/nextgenpicks-fb759/locations/us-central1/operations/operation-1770508510839-64a44a2dc431e-b0f092dd-2239f5b9 200
[debug] [2026-02-07T23:55:11.983Z] <<< [apiv2][body] GET https://cloudfunctions.googleapis.com/v2/projects/nextgenpicks-fb759/locations/us-central1/operations/operation-1770508510839-64a44a2dc431e-b0f092dd-2239f5b9 {"name":"projects/nextgenpicks-fb759/locations/us-central1/operations/operation-1770508510839-64a44a2dc431e-b0f092dd-2239f5b9","metadata":{"@type":"type.googleapis.com/google.cloud.functions.v2.OperationMetadata","createTime":"2026-02-07T23:55:11.616443835Z","target":"projects/nextgenpicks-fb759/locations/us-central1/functions/analyze_player","verb":"update","cancelRequested":false,"apiVersion":"v2","requestResource":{"@type":"type.googleapis.com/google.cloud.functions.v2.Function","name":"projects/nextgenpicks-fb759/locations/us-central1/functions/analyze_player","buildConfig":{"runtime":"python313","entryPoint":"analyze_player","source":{"storageSource":{"bucket":"gcf-v2-sources-293498367052-us-central1","object":"analyze_player/function-source.zip","generation":"1770508511548828"}},"environmentVariables":{"GOOGLE_NODE_RUN_SCRIPTS":""},"dockerRepository":"projects/nextgenpicks-fb759/locations/us-central1/repositories/gcf-artifacts","sourceProvenance":{"resolvedStorageSource":{"bucket":"gcf-v2-sources-293498367052-us-central1","object":"analyze_player/function-source.zip","generation":"1770500400080082"}},"dockerRegistry":"ARTIFACT_REGISTRY","serviceAccount":"projects/nextgenpicks-fb759/serviceAccounts/293498367052-compute@developer.gserviceaccount.com","automaticUpdatePolicy":{}},"serviceConfig":{"service":"projects/nextgenpicks-fb759/locations/us-central1/services/analyze-player","timeoutSeconds":120,"environmentVariables":{"FIREBASE_CONFIG":"{\"projectId\":\"nextgenpicks-fb759\",\"storageBucket\":\"nextgenpicks-fb759.firebasestorage.app\"}","GCLOUD_PROJECT":"nextgenpicks-fb759","EVENTARC_CLOUD_EVENT_SOURCE":"projects/nextgenpicks-fb759/locations/us-central1/services/analyze_player","FUNCTION_TARGET":"analyze_player","LOG_EXECUTION_ID":"true"},"ingressSettings":"ALLOW_ALL","uri":"https://analyze-player-qqtyxxni4q-uc.a.run.app","serviceAccountEmail":"293498367052-compute@developer.gserviceaccount.com","availableMemory":"256Mi","allTrafficOnLatestRevision":true,"secretEnvironmentVariables":[{"key":"GOOGLE_API_KEY","projectId":"nextgenpicks-fb759","secret":"GOOGLE_API_KEY","version":"2"},{"key":"ODDS_API_KEY","projectId":"nextgenpicks-fb759","secret":"ODDS_API_KEY","version":"1"}],"revision":"analyze-player-00066-von","maxInstanceRequestConcurrency":80,"availableCpu":"1"},"state":"ACTIVE","labels":{"deployment-tool":"cli-firebase","firebase-functions-hash":"8185fc012a526538eda83a0c5aefe45e916441a4"},"environment":"GEN_2","url":"https://us-central1-nextgenpicks-fb759.cloudfunctions.net/analyze_player","satisfiesPzi":true},"stages":[{"name":"BUILD","state":"NOT_STARTED"},{"name":"SERVICE","state":"NOT_STARTED"}],"operationType":"UPDATE_FUNCTION"},"done":false}
[debug] [2026-02-07T23:55:12.334Z] [update-default-us-central1-batch_analyze] Retrying task index 0
[debug] [2026-02-07T23:55:12.334Z] Checked if tokens are valid: true, expires at: 1770512104379
[debug] [2026-02-07T23:55:12.334Z] Checked if tokens are valid: true, expires at: 1770512104379
[debug] [2026-02-07T23:55:12.335Z] >>> [apiv2][query] GET https://cloudfunctions.googleapis.com/v2/projects/nextgenpicks-fb759/locations/us-central1/operations/operation-1770508510871-64a44a2dcc178-0b52df3d-a7435ce8 [none]
[debug] [2026-02-07T23:55:12.412Z] <<< [apiv2][status] GET https://cloudfunctions.googleapis.com/v2/projects/nextgenpicks-fb759/locations/us-central1/operations/operation-1770508510871-64a44a2dcc178-0b52df3d-a7435ce8 200
[debug] [2026-02-07T23:55:12.413Z] <<< [apiv2][body] GET https://cloudfunctions.googleapis.com/v2/projects/nextgenpicks-fb759/locations/us-central1/operations/operation-1770508510871-64a44a2dcc178-0b52df3d-a7435ce8 {"name":"projects/nextgenpicks-fb759/locations/us-central1/operations/operation-1770508510871-64a44a2dcc178-0b52df3d-a7435ce8","metadata":{"@type":"type.googleapis.com/google.cloud.functions.v2.OperationMetadata","createTime":"2026-02-07T23:55:11.640610850Z","target":"projects/nextgenpicks-fb759/locations/us-central1/functions/batch_analyze","verb":"update","cancelRequested":false,"apiVersion":"v2","requestResource":{"@type":"type.googleapis.com/google.cloud.functions.v2.Function","name":"projects/nextgenpicks-fb759/locations/us-central1/functions/batch_analyze","buildConfig":{"runtime":"python313","entryPoint":"batch_analyze","source":{"storageSource":{"bucket":"gcf-v2-sources-293498367052-us-central1","object":"batch_analyze/function-source.zip","generation":"1770508511594690"}},"environmentVariables":{"GOOGLE_NODE_RUN_SCRIPTS":""},"dockerRepository":"projects/nextgenpicks-fb759/locations/us-central1/repositories/gcf-artifacts","sourceProvenance":{"resolvedStorageSource":{"bucket":"gcf-v2-sources-293498367052-us-central1","object":"batch_analyze/function-source.zip","generation":"1770500399978329"}},"dockerRegistry":"ARTIFACT_REGISTRY","serviceAccount":"projects/nextgenpicks-fb759/serviceAccounts/293498367052-compute@developer.gserviceaccount.com","automaticUpdatePolicy":{}},"serviceConfig":{"service":"projects/nextgenpicks-fb759/locations/us-central1/services/batch-analyze","timeoutSeconds":540,"environmentVariables":{"FIREBASE_CONFIG":"{\"projectId\":\"nextgenpicks-fb759\",\"storageBucket\":\"nextgenpicks-fb759.firebasestorage.app\"}","GCLOUD_PROJECT":"nextgenpicks-fb759","EVENTARC_CLOUD_EVENT_SOURCE":"projects/nextgenpicks-fb759/locations/us-central1/services/batch_analyze","FUNCTION_TARGET":"batch_analyze","LOG_EXECUTION_ID":"true","FUNCTION_SIGNATURE_TYPE":"http"},"ingressSettings":"ALLOW_ALL","uri":"https://batch-analyze-qqtyxxni4q-uc.a.run.app","serviceAccountEmail":"293498367052-compute@developer.gserviceaccount.com","availableMemory":"1024Mi","allTrafficOnLatestRevision":true,"secretEnvironmentVariables":[{"key":"GOOGLE_API_KEY","projectId":"nextgenpicks-fb759","secret":"GOOGLE_API_KEY","version":"2"}],"revision":"batch-analyze-00063-paf","maxInstanceRequestConcurrency":80,"availableCpu":"1"},"state":"ACTIVE","labels":{"deployment-tool":"cli-firebase","firebase-functions-hash":"842697f563c783c1905072b6ba852a0496e809bd"},"environment":"GEN_2","url":"https://us-central1-nextgenpicks-fb759.cloudfunctions.net/batch_analyze","satisfiesPzi":true},"stages":[{"name":"BUILD","message":"Creating build","state":"IN_PROGRESS","resource":"projects/293498367052/locations/us-central1/builds/da55e607-f57b-45f2-a0af-e9cd132db437","resourceUri":"https://console.cloud.google.com/cloud-build/builds;region=us-central1/da55e607-f57b-45f2-a0af-e9cd132db437?project=293498367052"},{"name":"SERVICE","state":"NOT_STARTED"}],"operationType":"UPDATE_FUNCTION","buildName":"projects/293498367052/locations/us-central1/builds/da55e607-f57b-45f2-a0af-e9cd132db437"},"done":false}
[debug] [2026-02-07T23:55:12.483Z] [update-default-us-central1-analyze_player] Retrying task index 0
[debug] [2026-02-07T23:55:12.484Z] Checked if tokens are valid: true, expires at: 1770512104379
[debug] [2026-02-07T23:55:12.484Z] Checked if tokens are valid: true, expires at: 1770512104379
[debug] [2026-02-07T23:55:12.484Z] >>> [apiv2][query] GET https://cloudfunctions.googleapis.com/v2/projects/nextgenpicks-fb759/locations/us-central1/operations/operation-1770508510839-64a44a2dc431e-b0f092dd-2239f5b9 [none]
[debug] [2026-02-07T23:55:12.751Z] <<< [apiv2][status] GET https://cloudfunctions.googleapis.com/v2/projects/nextgenpicks-fb759/locations/us-central1/operations/operation-1770508510839-64a44a2dc431e-b0f092dd-2239f5b9 200
[debug] [2026-02-07T23:55:12.751Z] <<< [apiv2][body] GET https://cloudfunctions.googleapis.com/v2/projects/nextgenpicks-fb759/locations/us-central1/operations/operation-1770508510839-64a44a2dc431e-b0f092dd-2239f5b9 {"name":"projects/nextgenpicks-fb759/locations/us-central1/operations/operation-1770508510839-64a44a2dc431e-b0f092dd-2239f5b9","metadata":{"@type":"type.googleapis.com/google.cloud.functions.v2.OperationMetadata","createTime":"2026-02-07T23:55:11.616443835Z","target":"projects/nextgenpicks-fb759/locations/us-central1/functions/analyze_player","verb":"update","cancelRequested":false,"apiVersion":"v2","requestResource":{"@type":"type.googleapis.com/google.cloud.functions.v2.Function","name":"projects/nextgenpicks-fb759/locations/us-central1/functions/analyze_player","buildConfig":{"runtime":"python313","entryPoint":"analyze_player","source":{"storageSource":{"bucket":"gcf-v2-sources-293498367052-us-central1","object":"analyze_player/function-source.zip","generation":"1770508511548828"}},"environmentVariables":{"GOOGLE_NODE_RUN_SCRIPTS":""},"dockerRepository":"projects/nextgenpicks-fb759/locations/us-central1/repositories/gcf-artifacts","sourceProvenance":{"resolvedStorageSource":{"bucket":"gcf-v2-sources-293498367052-us-central1","object":"analyze_player/function-source.zip","generation":"1770500400080082"}},"dockerRegistry":"ARTIFACT_REGISTRY","serviceAccount":"projects/nextgenpicks-fb759/serviceAccounts/293498367052-compute@developer.gserviceaccount.com","automaticUpdatePolicy":{}},"serviceConfig":{"service":"projects/nextgenpicks-fb759/locations/us-central1/services/analyze-player","timeoutSeconds":120,"environmentVariables":{"FIREBASE_CONFIG":"{\"projectId\":\"nextgenpicks-fb759\",\"storageBucket\":\"nextgenpicks-fb759.firebasestorage.app\"}","GCLOUD_PROJECT":"nextgenpicks-fb759","EVENTARC_CLOUD_EVENT_SOURCE":"projects/nextgenpicks-fb759/locations/us-central1/services/analyze_player","FUNCTION_TARGET":"analyze_player","LOG_EXECUTION_ID":"true"},"ingressSettings":"ALLOW_ALL","uri":"https://analyze-player-qqtyxxni4q-uc.a.run.app","serviceAccountEmail":"293498367052-compute@developer.gserviceaccount.com","availableMemory":"256Mi","allTrafficOnLatestRevision":true,"secretEnvironmentVariables":[{"key":"GOOGLE_API_KEY","projectId":"nextgenpicks-fb759","secret":"GOOGLE_API_KEY","version":"2"},{"key":"ODDS_API_KEY","projectId":"nextgenpicks-fb759","secret":"ODDS_API_KEY","version":"1"}],"revision":"analyze-player-00066-von","maxInstanceRequestConcurrency":80,"availableCpu":"1"},"state":"ACTIVE","labels":{"deployment-tool":"cli-firebase","firebase-functions-hash":"8185fc012a526538eda83a0c5aefe45e916441a4"},"environment":"GEN_2","url":"https://us-central1-nextgenpicks-fb759.cloudfunctions.net/analyze_player","satisfiesPzi":true},"stages":[{"name":"BUILD","message":"Build in progress","state":"IN_PROGRESS","resource":"projects/293498367052/locations/us-central1/builds/9dbac074-1284-42d8-abc0-c9700968e83d","resourceUri":"https://console.cloud.google.com/cloud-build/builds;region=us-central1/9dbac074-1284-42d8-abc0-c9700968e83d?project=293498367052"},{"name":"SERVICE","state":"NOT_STARTED"}],"operationType":"UPDATE_FUNCTION","buildName":"projects/293498367052/locations/us-central1/builds/9dbac074-1284-42d8-abc0-c9700968e83d"},"done":false}
[debug] [2026-02-07T23:55:13.414Z] [update-default-us-central1-batch_analyze] Retrying task index 0
[debug] [2026-02-07T23:55:13.415Z] Checked if tokens are valid: true, expires at: 1770512104379
[debug] [2026-02-07T23:55:13.415Z] Checked if tokens are valid: true, expires at: 1770512104379
[debug] [2026-02-07T23:55:13.415Z] >>> [apiv2][query] GET https://cloudfunctions.googleapis.com/v2/projects/nextgenpicks-fb759/locations/us-central1/operations/operation-1770508510871-64a44a2dcc178-0b52df3d-a7435ce8 [none]
[debug] [2026-02-07T23:55:13.548Z] <<< [apiv2][status] GET https://cloudfunctions.googleapis.com/v2/projects/nextgenpicks-fb759/locations/us-central1/operations/operation-1770508510871-64a44a2dcc178-0b52df3d-a7435ce8 200
[debug] [2026-02-07T23:55:13.549Z] <<< [apiv2][body] GET https://cloudfunctions.googleapis.com/v2/projects/nextgenpicks-fb759/locations/us-central1/operations/operation-1770508510871-64a44a2dcc178-0b52df3d-a7435ce8 {"name":"projects/nextgenpicks-fb759/locations/us-central1/operations/operation-1770508510871-64a44a2dcc178-0b52df3d-a7435ce8","metadata":{"@type":"type.googleapis.com/google.cloud.functions.v2.OperationMetadata","createTime":"2026-02-07T23:55:11.640610850Z","target":"projects/nextgenpicks-fb759/locations/us-central1/functions/batch_analyze","verb":"update","cancelRequested":false,"apiVersion":"v2","requestResource":{"@type":"type.googleapis.com/google.cloud.functions.v2.Function","name":"projects/nextgenpicks-fb759/locations/us-central1/functions/batch_analyze","buildConfig":{"runtime":"python313","entryPoint":"batch_analyze","source":{"storageSource":{"bucket":"gcf-v2-sources-293498367052-us-central1","object":"batch_analyze/function-source.zip","generation":"1770508511594690"}},"environmentVariables":{"GOOGLE_NODE_RUN_SCRIPTS":""},"dockerRepository":"projects/nextgenpicks-fb759/locations/us-central1/repositories/gcf-artifacts","sourceProvenance":{"resolvedStorageSource":{"bucket":"gcf-v2-sources-293498367052-us-central1","object":"batch_analyze/function-source.zip","generation":"1770500399978329"}},"dockerRegistry":"ARTIFACT_REGISTRY","serviceAccount":"projects/nextgenpicks-fb759/serviceAccounts/293498367052-compute@developer.gserviceaccount.com","automaticUpdatePolicy":{}},"serviceConfig":{"service":"projects/nextgenpicks-fb759/locations/us-central1/services/batch-analyze","timeoutSeconds":540,"environmentVariables":{"FIREBASE_CONFIG":"{\"projectId\":\"nextgenpicks-fb759\",\"storageBucket\":\"nextgenpicks-fb759.firebasestorage.app\"}","GCLOUD_PROJECT":"nextgenpicks-fb759","EVENTARC_CLOUD_EVENT_SOURCE":"projects/nextgenpicks-fb759/locations/us-central1/services/batch_analyze","FUNCTION_TARGET":"batch_analyze","LOG_EXECUTION_ID":"true","FUNCTION_SIGNATURE_TYPE":"http"},"ingressSettings":"ALLOW_ALL","uri":"https://batch-analyze-qqtyxxni4q-uc.a.run.app","serviceAccountEmail":"293498367052-compute@developer.gserviceaccount.com","availableMemory":"1024Mi","allTrafficOnLatestRevision":true,"secretEnvironmentVariables":[{"key":"GOOGLE_API_KEY","projectId":"nextgenpicks-fb759","secret":"GOOGLE_API_KEY","version":"2"}],"revision":"batch-analyze-00063-paf","maxInstanceRequestConcurrency":80,"availableCpu":"1"},"state":"ACTIVE","labels":{"deployment-tool":"cli-firebase","firebase-functions-hash":"842697f563c783c1905072b6ba852a0496e809bd"},"environment":"GEN_2","url":"https://us-central1-nextgenpicks-fb759.cloudfunctions.net/batch_analyze","satisfiesPzi":true},"stages":[{"name":"BUILD","message":"Build in progress","state":"IN_PROGRESS","resource":"projects/293498367052/locations/us-central1/builds/da55e607-f57b-45f2-a0af-e9cd132db437","resourceUri":"https://console.cloud.google.com/cloud-build/builds;region=us-central1/da55e607-f57b-45f2-a0af-e9cd132db437?project=293498367052"},{"name":"SERVICE","state":"NOT_STARTED"}],"operationType":"UPDATE_FUNCTION","buildName":"projects/293498367052/locations/us-central1/builds/da55e607-f57b-45f2-a0af-e9cd132db437"},"done":false}
[debug] [2026-02-07T23:55:13.753Z] [update-default-us-central1-analyze_player] Retrying task index 0
[debug] [2026-02-07T23:55:13.753Z] Checked if tokens are valid: true, expires at: 1770512104379
[debug] [2026-02-07T23:55:13.753Z] Checked if tokens are valid: true, expires at: 1770512104379
[debug] [2026-02-07T23:55:13.753Z] >>> [apiv2][query] GET https://cloudfunctions.googleapis.com/v2/projects/nextgenpicks-fb759/locations/us-central1/operations/operation-1770508510839-64a44a2dc431e-b0f092dd-2239f5b9 [none]
[debug] [2026-02-07T23:55:13.871Z] <<< [apiv2][status] GET https://cloudfunctions.googleapis.com/v2/projects/nextgenpicks-fb759/locations/us-central1/operations/operation-1770508510839-64a44a2dc431e-b0f092dd-2239f5b9 200
[debug] [2026-02-07T23:55:13.871Z] <<< [apiv2][body] GET https://cloudfunctions.googleapis.com/v2/projects/nextgenpicks-fb759/locations/us-central1/operations/operation-1770508510839-64a44a2dc431e-b0f092dd-2239f5b9 {"name":"projects/nextgenpicks-fb759/locations/us-central1/operations/operation-1770508510839-64a44a2dc431e-b0f092dd-2239f5b9","metadata":{"@type":"type.googleapis.com/google.cloud.functions.v2.OperationMetadata","createTime":"2026-02-07T23:55:11.616443835Z","target":"projects/nextgenpicks-fb759/locations/us-central1/functions/analyze_player","verb":"update","cancelRequested":false,"apiVersion":"v2","requestResource":{"@type":"type.googleapis.com/google.cloud.functions.v2.Function","name":"projects/nextgenpicks-fb759/locations/us-central1/functions/analyze_player","buildConfig":{"runtime":"python313","entryPoint":"analyze_player","source":{"storageSource":{"bucket":"gcf-v2-sources-293498367052-us-central1","object":"analyze_player/function-source.zip","generation":"1770508511548828"}},"environmentVariables":{"GOOGLE_NODE_RUN_SCRIPTS":""},"dockerRepository":"projects/nextgenpicks-fb759/locations/us-central1/repositories/gcf-artifacts","sourceProvenance":{"resolvedStorageSource":{"bucket":"gcf-v2-sources-293498367052-us-central1","object":"analyze_player/function-source.zip","generation":"1770500400080082"}},"dockerRegistry":"ARTIFACT_REGISTRY","serviceAccount":"projects/nextgenpicks-fb759/serviceAccounts/293498367052-compute@developer.gserviceaccount.com","automaticUpdatePolicy":{}},"serviceConfig":{"service":"projects/nextgenpicks-fb759/locations/us-central1/services/analyze-player","timeoutSeconds":120,"environmentVariables":{"FIREBASE_CONFIG":"{\"projectId\":\"nextgenpicks-fb759\",\"storageBucket\":\"nextgenpicks-fb759.firebasestorage.app\"}","GCLOUD_PROJECT":"nextgenpicks-fb759","EVENTARC_CLOUD_EVENT_SOURCE":"projects/nextgenpicks-fb759/locations/us-central1/services/analyze_player","FUNCTION_TARGET":"analyze_player","LOG_EXECUTION_ID":"true"},"ingressSettings":"ALLOW_ALL","uri":"https://analyze-player-qqtyxxni4q-uc.a.run.app","serviceAccountEmail":"293498367052-compute@developer.gserviceaccount.com","availableMemory":"256Mi","allTrafficOnLatestRevision":true,"secretEnvironmentVariables":[{"key":"GOOGLE_API_KEY","projectId":"nextgenpicks-fb759","secret":"GOOGLE_API_KEY","version":"2"},{"key":"ODDS_API_KEY","projectId":"nextgenpicks-fb759","secret":"ODDS_API_KEY","version":"1"}],"revision":"analyze-player-00066-von","maxInstanceRequestConcurrency":80,"availableCpu":"1"},"state":"ACTIVE","labels":{"deployment-tool":"cli-firebase","firebase-functions-hash":"8185fc012a526538eda83a0c5aefe45e916441a4"},"environment":"GEN_2","url":"https://us-central1-nextgenpicks-fb759.cloudfunctions.net/analyze_player","satisfiesPzi":true},"stages":[{"name":"BUILD","message":"Build in progress","state":"IN_PROGRESS","resource":"projects/293498367052/locations/us-central1/builds/9dbac074-1284-42d8-abc0-c9700968e83d","resourceUri":"https://console.cloud.google.com/cloud-build/builds;region=us-central1/9dbac074-1284-42d8-abc0-c9700968e83d?project=293498367052"},{"name":"SERVICE","state":"NOT_STARTED"}],"operationType":"UPDATE_FUNCTION","buildName":"projects/293498367052/locations/us-central1/builds/9dbac074-1284-42d8-abc0-c9700968e83d"},"done":false}
[debug] [2026-02-07T23:55:15.550Z] [update-default-us-central1-batch_analyze] Retrying task index 0
[debug] [2026-02-07T23:55:15.550Z] Checked if tokens are valid: true, expires at: 1770512104379
[debug] [2026-02-07T23:55:15.550Z] Checked if tokens are valid: true, expires at: 1770512104379
[debug] [2026-02-07T23:55:15.550Z] >>> [apiv2][query] GET https://cloudfunctions.googleapis.com/v2/projects/nextgenpicks-fb759/locations/us-central1/operations/operation-1770508510871-64a44a2dcc178-0b52df3d-a7435ce8 [none]
[debug] [2026-02-07T23:55:15.853Z] <<< [apiv2][status] GET https://cloudfunctions.googleapis.com/v2/projects/nextgenpicks-fb759/locations/us-central1/operations/operation-1770508510871-64a44a2dcc178-0b52df3d-a7435ce8 200
[debug] [2026-02-07T23:55:15.853Z] <<< [apiv2][body] GET https://cloudfunctions.googleapis.com/v2/projects/nextgenpicks-fb759/locations/us-central1/operations/operation-1770508510871-64a44a2dcc178-0b52df3d-a7435ce8 {"name":"projects/nextgenpicks-fb759/locations/us-central1/operations/operation-1770508510871-64a44a2dcc178-0b52df3d-a7435ce8","metadata":{"@type":"type.googleapis.com/google.cloud.functions.v2.OperationMetadata","createTime":"2026-02-07T23:55:11.640610850Z","target":"projects/nextgenpicks-fb759/locations/us-central1/functions/batch_analyze","verb":"update","cancelRequested":false,"apiVersion":"v2","requestResource":{"@type":"type.googleapis.com/google.cloud.functions.v2.Function","name":"projects/nextgenpicks-fb759/locations/us-central1/functions/batch_analyze","buildConfig":{"runtime":"python313","entryPoint":"batch_analyze","source":{"storageSource":{"bucket":"gcf-v2-sources-293498367052-us-central1","object":"batch_analyze/function-source.zip","generation":"1770508511594690"}},"environmentVariables":{"GOOGLE_NODE_RUN_SCRIPTS":""},"dockerRepository":"projects/nextgenpicks-fb759/locations/us-central1/repositories/gcf-artifacts","sourceProvenance":{"resolvedStorageSource":{"bucket":"gcf-v2-sources-293498367052-us-central1","object":"batch_analyze/function-source.zip","generation":"1770500399978329"}},"dockerRegistry":"ARTIFACT_REGISTRY","serviceAccount":"projects/nextgenpicks-fb759/serviceAccounts/293498367052-compute@developer.gserviceaccount.com","automaticUpdatePolicy":{}},"serviceConfig":{"service":"projects/nextgenpicks-fb759/locations/us-central1/services/batch-analyze","timeoutSeconds":540,"environmentVariables":{"FIREBASE_CONFIG":"{\"projectId\":\"nextgenpicks-fb759\",\"storageBucket\":\"nextgenpicks-fb759.firebasestorage.app\"}","GCLOUD_PROJECT":"nextgenpicks-fb759","EVENTARC_CLOUD_EVENT_SOURCE":"projects/nextgenpicks-fb759/locations/us-central1/services/batch_analyze","FUNCTION_TARGET":"batch_analyze","LOG_EXECUTION_ID":"true","FUNCTION_SIGNATURE_TYPE":"http"},"ingressSettings":"ALLOW_ALL","uri":"https://batch-analyze-qqtyxxni4q-uc.a.run.app","serviceAccountEmail":"293498367052-compute@developer.gserviceaccount.com","availableMemory":"1024Mi","allTrafficOnLatestRevision":true,"secretEnvironmentVariables":[{"key":"GOOGLE_API_KEY","projectId":"nextgenpicks-fb759","secret":"GOOGLE_API_KEY","version":"2"}],"revision":"batch-analyze-00063-paf","maxInstanceRequestConcurrency":80,"availableCpu":"1"},"state":"ACTIVE","labels":{"deployment-tool":"cli-firebase","firebase-functions-hash":"842697f563c783c1905072b6ba852a0496e809bd"},"environment":"GEN_2","url":"https://us-central1-nextgenpicks-fb759.cloudfunctions.net/batch_analyze","satisfiesPzi":true},"stages":[{"name":"BUILD","message":"Build in progress","state":"IN_PROGRESS","resource":"projects/293498367052/locations/us-central1/builds/da55e607-f57b-45f2-a0af-e9cd132db437","resourceUri":"https://console.cloud.google.com/cloud-build/builds;region=us-central1/da55e607-f57b-45f2-a0af-e9cd132db437?project=293498367052"},{"name":"SERVICE","state":"NOT_STARTED"}],"operationType":"UPDATE_FUNCTION","buildName":"projects/293498367052/locations/us-central1/builds/da55e607-f57b-45f2-a0af-e9cd132db437"},"done":false}
[debug] [2026-02-07T23:55:15.872Z] [update-default-us-central1-analyze_player] Retrying task index 0
[debug] [2026-02-07T23:55:15.872Z] Checked if tokens are valid: true, expires at: 1770512104379
[debug] [2026-02-07T23:55:15.872Z] Checked if tokens are valid: true, expires at: 1770512104379
[debug] [2026-02-07T23:55:15.872Z] >>> [apiv2][query] GET https://cloudfunctions.googleapis.com/v2/projects/nextgenpicks-fb759/locations/us-central1/operations/operation-1770508510839-64a44a2dc431e-b0f092dd-2239f5b9 [none]
[debug] [2026-02-07T23:55:15.961Z] <<< [apiv2][status] GET https://cloudfunctions.googleapis.com/v2/projects/nextgenpicks-fb759/locations/us-central1/operations/operation-1770508510839-64a44a2dc431e-b0f092dd-2239f5b9 200
[debug] [2026-02-07T23:55:15.962Z] <<< [apiv2][body] GET https://cloudfunctions.googleapis.com/v2/projects/nextgenpicks-fb759/locations/us-central1/operations/operation-1770508510839-64a44a2dc431e-b0f092dd-2239f5b9 {"name":"projects/nextgenpicks-fb759/locations/us-central1/operations/operation-1770508510839-64a44a2dc431e-b0f092dd-2239f5b9","metadata":{"@type":"type.googleapis.com/google.cloud.functions.v2.OperationMetadata","createTime":"2026-02-07T23:55:11.616443835Z","target":"projects/nextgenpicks-fb759/locations/us-central1/functions/analyze_player","verb":"update","cancelRequested":false,"apiVersion":"v2","requestResource":{"@type":"type.googleapis.com/google.cloud.functions.v2.Function","name":"projects/nextgenpicks-fb759/locations/us-central1/functions/analyze_player","buildConfig":{"runtime":"python313","entryPoint":"analyze_player","source":{"storageSource":{"bucket":"gcf-v2-sources-293498367052-us-central1","object":"analyze_player/function-source.zip","generation":"1770508511548828"}},"environmentVariables":{"GOOGLE_NODE_RUN_SCRIPTS":""},"dockerRepository":"projects/nextgenpicks-fb759/locations/us-central1/repositories/gcf-artifacts","sourceProvenance":{"resolvedStorageSource":{"bucket":"gcf-v2-sources-293498367052-us-central1","object":"analyze_player/function-source.zip","generation":"1770500400080082"}},"dockerRegistry":"ARTIFACT_REGISTRY","serviceAccount":"projects/nextgenpicks-fb759/serviceAccounts/293498367052-compute@developer.gserviceaccount.com","automaticUpdatePolicy":{}},"serviceConfig":{"service":"projects/nextgenpicks-fb759/locations/us-central1/services/analyze-player","timeoutSeconds":120,"environmentVariables":{"FIREBASE_CONFIG":"{\"projectId\":\"nextgenpicks-fb759\",\"storageBucket\":\"nextgenpicks-fb759.firebasestorage.app\"}","GCLOUD_PROJECT":"nextgenpicks-fb759","EVENTARC_CLOUD_EVENT_SOURCE":"projects/nextgenpicks-fb759/locations/us-central1/services/analyze_player","FUNCTION_TARGET":"analyze_player","LOG_EXECUTION_ID":"true"},"ingressSettings":"ALLOW_ALL","uri":"https://analyze-player-qqtyxxni4q-uc.a.run.app","serviceAccountEmail":"293498367052-compute@developer.gserviceaccount.com","availableMemory":"256Mi","allTrafficOnLatestRevision":true,"secretEnvironmentVariables":[{"key":"GOOGLE_API_KEY","projectId":"nextgenpicks-fb759","secret":"GOOGLE_API_KEY","version":"2"},{"key":"ODDS_API_KEY","projectId":"nextgenpicks-fb759","secret":"ODDS_API_KEY","version":"1"}],"revision":"analyze-player-00066-von","maxInstanceRequestConcurrency":80,"availableCpu":"1"},"state":"ACTIVE","labels":{"deployment-tool":"cli-firebase","firebase-functions-hash":"8185fc012a526538eda83a0c5aefe45e916441a4"},"environment":"GEN_2","url":"https://us-central1-nextgenpicks-fb759.cloudfunctions.net/analyze_player","satisfiesPzi":true},"stages":[{"name":"BUILD","message":"Build in progress","state":"IN_PROGRESS","resource":"projects/293498367052/locations/us-central1/builds/9dbac074-1284-42d8-abc0-c9700968e83d","resourceUri":"https://console.cloud.google.com/cloud-build/builds;region=us-central1/9dbac074-1284-42d8-abc0-c9700968e83d?project=293498367052"},{"name":"SERVICE","state":"NOT_STARTED"}],"operationType":"UPDATE_FUNCTION","buildName":"projects/293498367052/locations/us-central1/builds/9dbac074-1284-42d8-abc0-c9700968e83d"},"done":false}
[debug] [2026-02-07T23:55:19.854Z] [update-default-us-central1-batch_analyze] Retrying task index 0
[debug] [2026-02-07T23:55:19.854Z] Checked if tokens are valid: true, expires at: 1770512104379
[debug] [2026-02-07T23:55:19.855Z] Checked if tokens are valid: true, expires at: 1770512104379
[debug] [2026-02-07T23:55:19.855Z] >>> [apiv2][query] GET https://cloudfunctions.googleapis.com/v2/projects/nextgenpicks-fb759/locations/us-central1/operations/operation-1770508510871-64a44a2dcc178-0b52df3d-a7435ce8 [none]
[debug] [2026-02-07T23:55:19.926Z] <<< [apiv2][status] GET https://cloudfunctions.googleapis.com/v2/projects/nextgenpicks-fb759/locations/us-central1/operations/operation-1770508510871-64a44a2dcc178-0b52df3d-a7435ce8 200
[debug] [2026-02-07T23:55:19.926Z] <<< [apiv2][body] GET https://cloudfunctions.googleapis.com/v2/projects/nextgenpicks-fb759/locations/us-central1/operations/operation-1770508510871-64a44a2dcc178-0b52df3d-a7435ce8 {"name":"projects/nextgenpicks-fb759/locations/us-central1/operations/operation-1770508510871-64a44a2dcc178-0b52df3d-a7435ce8","metadata":{"@type":"type.googleapis.com/google.cloud.functions.v2.OperationMetadata","createTime":"2026-02-07T23:55:11.640610850Z","target":"projects/nextgenpicks-fb759/locations/us-central1/functions/batch_analyze","verb":"update","cancelRequested":false,"apiVersion":"v2","requestResource":{"@type":"type.googleapis.com/google.cloud.functions.v2.Function","name":"projects/nextgenpicks-fb759/locations/us-central1/functions/batch_analyze","buildConfig":{"runtime":"python313","entryPoint":"batch_analyze","source":{"storageSource":{"bucket":"gcf-v2-sources-293498367052-us-central1","object":"batch_analyze/function-source.zip","generation":"1770508511594690"}},"environmentVariables":{"GOOGLE_NODE_RUN_SCRIPTS":""},"dockerRepository":"projects/nextgenpicks-fb759/locations/us-central1/repositories/gcf-artifacts","sourceProvenance":{"resolvedStorageSource":{"bucket":"gcf-v2-sources-293498367052-us-central1","object":"batch_analyze/function-source.zip","generation":"1770500399978329"}},"dockerRegistry":"ARTIFACT_REGISTRY","serviceAccount":"projects/nextgenpicks-fb759/serviceAccounts/293498367052-compute@developer.gserviceaccount.com","automaticUpdatePolicy":{}},"serviceConfig":{"service":"projects/nextgenpicks-fb759/locations/us-central1/services/batch-analyze","timeoutSeconds":540,"environmentVariables":{"FIREBASE_CONFIG":"{\"projectId\":\"nextgenpicks-fb759\",\"storageBucket\":\"nextgenpicks-fb759.firebasestorage.app\"}","GCLOUD_PROJECT":"nextgenpicks-fb759","EVENTARC_CLOUD_EVENT_SOURCE":"projects/nextgenpicks-fb759/locations/us-central1/services/batch_analyze","FUNCTION_TARGET":"batch_analyze","LOG_EXECUTION_ID":"true","FUNCTION_SIGNATURE_TYPE":"http"},"ingressSettings":"ALLOW_ALL","uri":"https://batch-analyze-qqtyxxni4q-uc.a.run.app","serviceAccountEmail":"293498367052-compute@developer.gserviceaccount.com","availableMemory":"1024Mi","allTrafficOnLatestRevision":true,"secretEnvironmentVariables":[{"key":"GOOGLE_API_KEY","projectId":"nextgenpicks-fb759","secret":"GOOGLE_API_KEY","version":"2"}],"revision":"batch-analyze-00063-paf","maxInstanceRequestConcurrency":80,"availableCpu":"1"},"state":"ACTIVE","labels":{"deployment-tool":"cli-firebase","firebase-functions-hash":"842697f563c783c1905072b6ba852a0496e809bd"},"environment":"GEN_2","url":"https://us-central1-nextgenpicks-fb759.cloudfunctions.net/batch_analyze","satisfiesPzi":true},"stages":[{"name":"BUILD","message":"Build in progress","state":"IN_PROGRESS","resource":"projects/293498367052/locations/us-central1/builds/da55e607-f57b-45f2-a0af-e9cd132db437","resourceUri":"https://console.cloud.google.com/cloud-build/builds;region=us-central1/da55e607-f57b-45f2-a0af-e9cd132db437?project=293498367052"},{"name":"SERVICE","state":"NOT_STARTED"}],"operationType":"UPDATE_FUNCTION","buildName":"projects/293498367052/locations/us-central1/builds/da55e607-f57b-45f2-a0af-e9cd132db437"},"done":false}
[debug] [2026-02-07T23:55:19.963Z] [update-default-us-central1-analyze_player] Retrying task index 0
[debug] [2026-02-07T23:55:19.964Z] Checked if tokens are valid: true, expires at: 1770512104379
[debug] [2026-02-07T23:55:19.964Z] Checked if tokens are valid: true, expires at: 1770512104379
[debug] [2026-02-07T23:55:19.964Z] >>> [apiv2][query] GET https://cloudfunctions.googleapis.com/v2/projects/nextgenpicks-fb759/locations/us-central1/operations/operation-1770508510839-64a44a2dc431e-b0f092dd-2239f5b9 [none]
[debug] [2026-02-07T23:55:20.035Z] <<< [apiv2][status] GET https://cloudfunctions.googleapis.com/v2/projects/nextgenpicks-fb759/locations/us-central1/operations/operation-1770508510839-64a44a2dc431e-b0f092dd-2239f5b9 200
[debug] [2026-02-07T23:55:20.035Z] <<< [apiv2][body] GET https://cloudfunctions.googleapis.com/v2/projects/nextgenpicks-fb759/locations/us-central1/operations/operation-1770508510839-64a44a2dc431e-b0f092dd-2239f5b9 {"name":"projects/nextgenpicks-fb759/locations/us-central1/operations/operation-1770508510839-64a44a2dc431e-b0f092dd-2239f5b9","metadata":{"@type":"type.googleapis.com/google.cloud.functions.v2.OperationMetadata","createTime":"2026-02-07T23:55:11.616443835Z","target":"projects/nextgenpicks-fb759/locations/us-central1/functions/analyze_player","verb":"update","cancelRequested":false,"apiVersion":"v2","requestResource":{"@type":"type.googleapis.com/google.cloud.functions.v2.Function","name":"projects/nextgenpicks-fb759/locations/us-central1/functions/analyze_player","buildConfig":{"runtime":"python313","entryPoint":"analyze_player","source":{"storageSource":{"bucket":"gcf-v2-sources-293498367052-us-central1","object":"analyze_player/function-source.zip","generation":"1770508511548828"}},"environmentVariables":{"GOOGLE_NODE_RUN_SCRIPTS":""},"dockerRepository":"projects/nextgenpicks-fb759/locations/us-central1/repositories/gcf-artifacts","sourceProvenance":{"resolvedStorageSource":{"bucket":"gcf-v2-sources-293498367052-us-central1","object":"analyze_player/function-source.zip","generation":"1770500400080082"}},"dockerRegistry":"ARTIFACT_REGISTRY","serviceAccount":"projects/nextgenpicks-fb759/serviceAccounts/293498367052-compute@developer.gserviceaccount.com","automaticUpdatePolicy":{}},"serviceConfig":{"service":"projects/nextgenpicks-fb759/locations/us-central1/services/analyze-player","timeoutSeconds":120,"environmentVariables":{"FIREBASE_CONFIG":"{\"projectId\":\"nextgenpicks-fb759\",\"storageBucket\":\"nextgenpicks-fb759.firebasestorage.app\"}","GCLOUD_PROJECT":"nextgenpicks-fb759","EVENTARC_CLOUD_EVENT_SOURCE":"projects/nextgenpicks-fb759/locations/us-central1/services/analyze_player","FUNCTION_TARGET":"analyze_player","LOG_EXECUTION_ID":"true"},"ingressSettings":"ALLOW_ALL","uri":"https://analyze-player-qqtyxxni4q-uc.a.run.app","serviceAccountEmail":"293498367052-compute@developer.gserviceaccount.com","availableMemory":"256Mi","allTrafficOnLatestRevision":true,"secretEnvironmentVariables":[{"key":"GOOGLE_API_KEY","projectId":"nextgenpicks-fb759","secret":"GOOGLE_API_KEY","version":"2"},{"key":"ODDS_API_KEY","projectId":"nextgenpicks-fb759","secret":"ODDS_API_KEY","version":"1"}],"revision":"analyze-player-00066-von","maxInstanceRequestConcurrency":80,"availableCpu":"1"},"state":"ACTIVE","labels":{"deployment-tool":"cli-firebase","firebase-functions-hash":"8185fc012a526538eda83a0c5aefe45e916441a4"},"environment":"GEN_2","url":"https://us-central1-nextgenpicks-fb759.cloudfunctions.net/analyze_player","satisfiesPzi":true},"stages":[{"name":"BUILD","message":"Build in progress","state":"IN_PROGRESS","resource":"projects/293498367052/locations/us-central1/builds/9dbac074-1284-42d8-abc0-c9700968e83d","resourceUri":"https://console.cloud.google.com/cloud-build/builds;region=us-central1/9dbac074-1284-42d8-abc0-c9700968e83d?project=293498367052"},{"name":"SERVICE","state":"NOT_STARTED"}],"operationType":"UPDATE_FUNCTION","buildName":"projects/293498367052/locations/us-central1/builds/9dbac074-1284-42d8-abc0-c9700968e83d"},"done":false}
[debug] [2026-02-07T23:55:27.928Z] [update-default-us-central1-batch_analyze] Retrying task index 0
[debug] [2026-02-07T23:55:27.928Z] Checked if tokens are valid: true, expires at: 1770512104379
[debug] [2026-02-07T23:55:27.928Z] Checked if tokens are valid: true, expires at: 1770512104379
[debug] [2026-02-07T23:55:27.928Z] >>> [apiv2][query] GET https://cloudfunctions.googleapis.com/v2/projects/nextgenpicks-fb759/locations/us-central1/operations/operation-1770508510871-64a44a2dcc178-0b52df3d-a7435ce8 [none]
[debug] [2026-02-07T23:55:28.037Z] [update-default-us-central1-analyze_player] Retrying task index 0
[debug] [2026-02-07T23:55:28.037Z] Checked if tokens are valid: true, expires at: 1770512104379
[debug] [2026-02-07T23:55:28.037Z] Checked if tokens are valid: true, expires at: 1770512104379
[debug] [2026-02-07T23:55:28.037Z] >>> [apiv2][query] GET https://cloudfunctions.googleapis.com/v2/projects/nextgenpicks-fb759/locations/us-central1/operations/operation-1770508510839-64a44a2dc431e-b0f092dd-2239f5b9 [none]
[debug] [2026-02-07T23:55:28.138Z] <<< [apiv2][status] GET https://cloudfunctions.googleapis.com/v2/projects/nextgenpicks-fb759/locations/us-central1/operations/operation-1770508510839-64a44a2dc431e-b0f092dd-2239f5b9 200
[debug] [2026-02-07T23:55:28.138Z] <<< [apiv2][body] GET https://cloudfunctions.googleapis.com/v2/projects/nextgenpicks-fb759/locations/us-central1/operations/operation-1770508510839-64a44a2dc431e-b0f092dd-2239f5b9 {"name":"projects/nextgenpicks-fb759/locations/us-central1/operations/operation-1770508510839-64a44a2dc431e-b0f092dd-2239f5b9","metadata":{"@type":"type.googleapis.com/google.cloud.functions.v2.OperationMetadata","createTime":"2026-02-07T23:55:11.616443835Z","target":"projects/nextgenpicks-fb759/locations/us-central1/functions/analyze_player","verb":"update","cancelRequested":false,"apiVersion":"v2","requestResource":{"@type":"type.googleapis.com/google.cloud.functions.v2.Function","name":"projects/nextgenpicks-fb759/locations/us-central1/functions/analyze_player","buildConfig":{"runtime":"python313","entryPoint":"analyze_player","source":{"storageSource":{"bucket":"gcf-v2-sources-293498367052-us-central1","object":"analyze_player/function-source.zip","generation":"1770508511548828"}},"environmentVariables":{"GOOGLE_NODE_RUN_SCRIPTS":""},"dockerRepository":"projects/nextgenpicks-fb759/locations/us-central1/repositories/gcf-artifacts","sourceProvenance":{"resolvedStorageSource":{"bucket":"gcf-v2-sources-293498367052-us-central1","object":"analyze_player/function-source.zip","generation":"1770500400080082"}},"dockerRegistry":"ARTIFACT_REGISTRY","serviceAccount":"projects/nextgenpicks-fb759/serviceAccounts/293498367052-compute@developer.gserviceaccount.com","automaticUpdatePolicy":{}},"serviceConfig":{"service":"projects/nextgenpicks-fb759/locations/us-central1/services/analyze-player","timeoutSeconds":120,"environmentVariables":{"FIREBASE_CONFIG":"{\"projectId\":\"nextgenpicks-fb759\",\"storageBucket\":\"nextgenpicks-fb759.firebasestorage.app\"}","GCLOUD_PROJECT":"nextgenpicks-fb759","EVENTARC_CLOUD_EVENT_SOURCE":"projects/nextgenpicks-fb759/locations/us-central1/services/analyze_player","FUNCTION_TARGET":"analyze_player","LOG_EXECUTION_ID":"true"},"ingressSettings":"ALLOW_ALL","uri":"https://analyze-player-qqtyxxni4q-uc.a.run.app","serviceAccountEmail":"293498367052-compute@developer.gserviceaccount.com","availableMemory":"256Mi","allTrafficOnLatestRevision":true,"secretEnvironmentVariables":[{"key":"GOOGLE_API_KEY","projectId":"nextgenpicks-fb759","secret":"GOOGLE_API_KEY","version":"2"},{"key":"ODDS_API_KEY","projectId":"nextgenpicks-fb759","secret":"ODDS_API_KEY","version":"1"}],"revision":"analyze-player-00066-von","maxInstanceRequestConcurrency":80,"availableCpu":"1"},"state":"ACTIVE","labels":{"deployment-tool":"cli-firebase","firebase-functions-hash":"8185fc012a526538eda83a0c5aefe45e916441a4"},"environment":"GEN_2","url":"https://us-central1-nextgenpicks-fb759.cloudfunctions.net/analyze_player","satisfiesPzi":true},"stages":[{"name":"BUILD","message":"Build in progress","state":"IN_PROGRESS","resource":"projects/293498367052/locations/us-central1/builds/9dbac074-1284-42d8-abc0-c9700968e83d","resourceUri":"https://console.cloud.google.com/cloud-build/builds;region=us-central1/9dbac074-1284-42d8-abc0-c9700968e83d?project=293498367052"},{"name":"SERVICE","state":"NOT_STARTED"}],"operationType":"UPDATE_FUNCTION","buildName":"projects/293498367052/locations/us-central1/builds/9dbac074-1284-42d8-abc0-c9700968e83d"},"done":false}
[debug] [2026-02-07T23:55:28.259Z] <<< [apiv2][status] GET https://cloudfunctions.googleapis.com/v2/projects/nextgenpicks-fb759/locations/us-central1/operations/operation-1770508510871-64a44a2dcc178-0b52df3d-a7435ce8 200
[debug] [2026-02-07T23:55:28.259Z] <<< [apiv2][body] GET https://cloudfunctions.googleapis.com/v2/projects/nextgenpicks-fb759/locations/us-central1/operations/operation-1770508510871-64a44a2dcc178-0b52df3d-a7435ce8 {"name":"projects/nextgenpicks-fb759/locations/us-central1/operations/operation-1770508510871-64a44a2dcc178-0b52df3d-a7435ce8","metadata":{"@type":"type.googleapis.com/google.cloud.functions.v2.OperationMetadata","createTime":"2026-02-07T23:55:11.640610850Z","target":"projects/nextgenpicks-fb759/locations/us-central1/functions/batch_analyze","verb":"update","cancelRequested":false,"apiVersion":"v2","requestResource":{"@type":"type.googleapis.com/google.cloud.functions.v2.Function","name":"projects/nextgenpicks-fb759/locations/us-central1/functions/batch_analyze","buildConfig":{"runtime":"python313","entryPoint":"batch_analyze","source":{"storageSource":{"bucket":"gcf-v2-sources-293498367052-us-central1","object":"batch_analyze/function-source.zip","generation":"1770508511594690"}},"environmentVariables":{"GOOGLE_NODE_RUN_SCRIPTS":""},"dockerRepository":"projects/nextgenpicks-fb759/locations/us-central1/repositories/gcf-artifacts","sourceProvenance":{"resolvedStorageSource":{"bucket":"gcf-v2-sources-293498367052-us-central1","object":"batch_analyze/function-source.zip","generation":"1770500399978329"}},"dockerRegistry":"ARTIFACT_REGISTRY","serviceAccount":"projects/nextgenpicks-fb759/serviceAccounts/293498367052-compute@developer.gserviceaccount.com","automaticUpdatePolicy":{}},"serviceConfig":{"service":"projects/nextgenpicks-fb759/locations/us-central1/services/batch-analyze","timeoutSeconds":540,"environmentVariables":{"FIREBASE_CONFIG":"{\"projectId\":\"nextgenpicks-fb759\",\"storageBucket\":\"nextgenpicks-fb759.firebasestorage.app\"}","GCLOUD_PROJECT":"nextgenpicks-fb759","EVENTARC_CLOUD_EVENT_SOURCE":"projects/nextgenpicks-fb759/locations/us-central1/services/batch_analyze","FUNCTION_TARGET":"batch_analyze","LOG_EXECUTION_ID":"true","FUNCTION_SIGNATURE_TYPE":"http"},"ingressSettings":"ALLOW_ALL","uri":"https://batch-analyze-qqtyxxni4q-uc.a.run.app","serviceAccountEmail":"293498367052-compute@developer.gserviceaccount.com","availableMemory":"1024Mi","allTrafficOnLatestRevision":true,"secretEnvironmentVariables":[{"key":"GOOGLE_API_KEY","projectId":"nextgenpicks-fb759","secret":"GOOGLE_API_KEY","version":"2"}],"revision":"batch-analyze-00063-paf","maxInstanceRequestConcurrency":80,"availableCpu":"1"},"state":"ACTIVE","labels":{"deployment-tool":"cli-firebase","firebase-functions-hash":"842697f563c783c1905072b6ba852a0496e809bd"},"environment":"GEN_2","url":"https://us-central1-nextgenpicks-fb759.cloudfunctions.net/batch_analyze","satisfiesPzi":true},"stages":[{"name":"BUILD","message":"Build in progress","state":"IN_PROGRESS","resource":"projects/293498367052/locations/us-central1/builds/da55e607-f57b-45f2-a0af-e9cd132db437","resourceUri":"https://console.cloud.google.com/cloud-build/builds;region=us-central1/da55e607-f57b-45f2-a0af-e9cd132db437?project=293498367052"},{"name":"SERVICE","state":"NOT_STARTED"}],"operationType":"UPDATE_FUNCTION","buildName":"projects/293498367052/locations/us-central1/builds/da55e607-f57b-45f2-a0af-e9cd132db437"},"done":false}
[debug] [2026-02-07T23:55:38.139Z] [update-default-us-central1-analyze_player] Retrying task index 0
[debug] [2026-02-07T23:55:38.139Z] Checked if tokens are valid: true, expires at: 1770512104379
[debug] [2026-02-07T23:55:38.139Z] Checked if tokens are valid: true, expires at: 1770512104379
[debug] [2026-02-07T23:55:38.140Z] >>> [apiv2][query] GET https://cloudfunctions.googleapis.com/v2/projects/nextgenpicks-fb759/locations/us-central1/operations/operation-1770508510839-64a44a2dc431e-b0f092dd-2239f5b9 [none]
[debug] [2026-02-07T23:55:38.231Z] <<< [apiv2][status] GET https://cloudfunctions.googleapis.com/v2/projects/nextgenpicks-fb759/locations/us-central1/operations/operation-1770508510839-64a44a2dc431e-b0f092dd-2239f5b9 200
[debug] [2026-02-07T23:55:38.231Z] <<< [apiv2][body] GET https://cloudfunctions.googleapis.com/v2/projects/nextgenpicks-fb759/locations/us-central1/operations/operation-1770508510839-64a44a2dc431e-b0f092dd-2239f5b9 {"name":"projects/nextgenpicks-fb759/locations/us-central1/operations/operation-1770508510839-64a44a2dc431e-b0f092dd-2239f5b9","metadata":{"@type":"type.googleapis.com/google.cloud.functions.v2.OperationMetadata","createTime":"2026-02-07T23:55:11.616443835Z","target":"projects/nextgenpicks-fb759/locations/us-central1/functions/analyze_player","verb":"update","cancelRequested":false,"apiVersion":"v2","requestResource":{"@type":"type.googleapis.com/google.cloud.functions.v2.Function","name":"projects/nextgenpicks-fb759/locations/us-central1/functions/analyze_player","buildConfig":{"runtime":"python313","entryPoint":"analyze_player","source":{"storageSource":{"bucket":"gcf-v2-sources-293498367052-us-central1","object":"analyze_player/function-source.zip","generation":"1770508511548828"}},"environmentVariables":{"GOOGLE_NODE_RUN_SCRIPTS":""},"dockerRepository":"projects/nextgenpicks-fb759/locations/us-central1/repositories/gcf-artifacts","sourceProvenance":{"resolvedStorageSource":{"bucket":"gcf-v2-sources-293498367052-us-central1","object":"analyze_player/function-source.zip","generation":"1770500400080082"}},"dockerRegistry":"ARTIFACT_REGISTRY","serviceAccount":"projects/nextgenpicks-fb759/serviceAccounts/293498367052-compute@developer.gserviceaccount.com","automaticUpdatePolicy":{}},"serviceConfig":{"service":"projects/nextgenpicks-fb759/locations/us-central1/services/analyze-player","timeoutSeconds":120,"environmentVariables":{"FIREBASE_CONFIG":"{\"projectId\":\"nextgenpicks-fb759\",\"storageBucket\":\"nextgenpicks-fb759.firebasestorage.app\"}","GCLOUD_PROJECT":"nextgenpicks-fb759","EVENTARC_CLOUD_EVENT_SOURCE":"projects/nextgenpicks-fb759/locations/us-central1/services/analyze_player","FUNCTION_TARGET":"analyze_player","LOG_EXECUTION_ID":"true"},"ingressSettings":"ALLOW_ALL","uri":"https://analyze-player-qqtyxxni4q-uc.a.run.app","serviceAccountEmail":"293498367052-compute@developer.gserviceaccount.com","availableMemory":"256Mi","allTrafficOnLatestRevision":true,"secretEnvironmentVariables":[{"key":"GOOGLE_API_KEY","projectId":"nextgenpicks-fb759","secret":"GOOGLE_API_KEY","version":"2"},{"key":"ODDS_API_KEY","projectId":"nextgenpicks-fb759","secret":"ODDS_API_KEY","version":"1"}],"revision":"analyze-player-00066-von","maxInstanceRequestConcurrency":80,"availableCpu":"1"},"state":"ACTIVE","labels":{"deployment-tool":"cli-firebase","firebase-functions-hash":"8185fc012a526538eda83a0c5aefe45e916441a4"},"environment":"GEN_2","url":"https://us-central1-nextgenpicks-fb759.cloudfunctions.net/analyze_player","satisfiesPzi":true},"stages":[{"name":"BUILD","message":"Build in progress","state":"IN_PROGRESS","resource":"projects/293498367052/locations/us-central1/builds/9dbac074-1284-42d8-abc0-c9700968e83d","resourceUri":"https://console.cloud.google.com/cloud-build/builds;region=us-central1/9dbac074-1284-42d8-abc0-c9700968e83d?project=293498367052"},{"name":"SERVICE","state":"NOT_STARTED"}],"operationType":"UPDATE_FUNCTION","buildName":"projects/293498367052/locations/us-central1/builds/9dbac074-1284-42d8-abc0-c9700968e83d"},"done":false}
[debug] [2026-02-07T23:55:38.259Z] [update-default-us-central1-batch_analyze] Retrying task index 0
[debug] [2026-02-07T23:55:38.260Z] Checked if tokens are valid: true, expires at: 1770512104379
[debug] [2026-02-07T23:55:38.260Z] Checked if tokens are valid: true, expires at: 1770512104379
[debug] [2026-02-07T23:55:38.260Z] >>> [apiv2][query] GET https://cloudfunctions.googleapis.com/v2/projects/nextgenpicks-fb759/locations/us-central1/operations/operation-1770508510871-64a44a2dcc178-0b52df3d-a7435ce8 [none]
[debug] [2026-02-07T23:55:38.330Z] <<< [apiv2][status] GET https://cloudfunctions.googleapis.com/v2/projects/nextgenpicks-fb759/locations/us-central1/operations/operation-1770508510871-64a44a2dcc178-0b52df3d-a7435ce8 200
[debug] [2026-02-07T23:55:38.330Z] <<< [apiv2][body] GET https://cloudfunctions.googleapis.com/v2/projects/nextgenpicks-fb759/locations/us-central1/operations/operation-1770508510871-64a44a2dcc178-0b52df3d-a7435ce8 {"name":"projects/nextgenpicks-fb759/locations/us-central1/operations/operation-1770508510871-64a44a2dcc178-0b52df3d-a7435ce8","metadata":{"@type":"type.googleapis.com/google.cloud.functions.v2.OperationMetadata","createTime":"2026-02-07T23:55:11.640610850Z","target":"projects/nextgenpicks-fb759/locations/us-central1/functions/batch_analyze","verb":"update","cancelRequested":false,"apiVersion":"v2","requestResource":{"@type":"type.googleapis.com/google.cloud.functions.v2.Function","name":"projects/nextgenpicks-fb759/locations/us-central1/functions/batch_analyze","buildConfig":{"runtime":"python313","entryPoint":"batch_analyze","source":{"storageSource":{"bucket":"gcf-v2-sources-293498367052-us-central1","object":"batch_analyze/function-source.zip","generation":"1770508511594690"}},"environmentVariables":{"GOOGLE_NODE_RUN_SCRIPTS":""},"dockerRepository":"projects/nextgenpicks-fb759/locations/us-central1/repositories/gcf-artifacts","sourceProvenance":{"resolvedStorageSource":{"bucket":"gcf-v2-sources-293498367052-us-central1","object":"batch_analyze/function-source.zip","generation":"1770500399978329"}},"dockerRegistry":"ARTIFACT_REGISTRY","serviceAccount":"projects/nextgenpicks-fb759/serviceAccounts/293498367052-compute@developer.gserviceaccount.com","automaticUpdatePolicy":{}},"serviceConfig":{"service":"projects/nextgenpicks-fb759/locations/us-central1/services/batch-analyze","timeoutSeconds":540,"environmentVariables":{"FIREBASE_CONFIG":"{\"projectId\":\"nextgenpicks-fb759\",\"storageBucket\":\"nextgenpicks-fb759.firebasestorage.app\"}","GCLOUD_PROJECT":"nextgenpicks-fb759","EVENTARC_CLOUD_EVENT_SOURCE":"projects/nextgenpicks-fb759/locations/us-central1/services/batch_analyze","FUNCTION_TARGET":"batch_analyze","LOG_EXECUTION_ID":"true","FUNCTION_SIGNATURE_TYPE":"http"},"ingressSettings":"ALLOW_ALL","uri":"https://batch-analyze-qqtyxxni4q-uc.a.run.app","serviceAccountEmail":"293498367052-compute@developer.gserviceaccount.com","availableMemory":"1024Mi","allTrafficOnLatestRevision":true,"secretEnvironmentVariables":[{"key":"GOOGLE_API_KEY","projectId":"nextgenpicks-fb759","secret":"GOOGLE_API_KEY","version":"2"}],"revision":"batch-analyze-00063-paf","maxInstanceRequestConcurrency":80,"availableCpu":"1"},"state":"ACTIVE","labels":{"deployment-tool":"cli-firebase","firebase-functions-hash":"842697f563c783c1905072b6ba852a0496e809bd"},"environment":"GEN_2","url":"https://us-central1-nextgenpicks-fb759.cloudfunctions.net/batch_analyze","satisfiesPzi":true},"stages":[{"name":"BUILD","message":"Build in progress","state":"IN_PROGRESS","resource":"projects/293498367052/locations/us-central1/builds/da55e607-f57b-45f2-a0af-e9cd132db437","resourceUri":"https://console.cloud.google.com/cloud-build/builds;region=us-central1/da55e607-f57b-45f2-a0af-e9cd132db437?project=293498367052"},{"name":"SERVICE","state":"NOT_STARTED"}],"operationType":"UPDATE_FUNCTION","buildName":"projects/293498367052/locations/us-central1/builds/da55e607-f57b-45f2-a0af-e9cd132db437"},"done":false}
